,fov,spot_id,tumor 13,fibroblast,macrophage,T CD4 memory,T CD8 memory,plasmablast,B-cell,mast,Treg,endothelial,pDC,T CD4 naive,neutrophil,T CD8 naive,NK,monocyte,tumor 9,tumor 12,epithelial,mDC,tumor 5,tumor 6
0,1.0,1.0,49.0,24.0,48.0,5.0,4.0,3.0,0.0,1.0,2.0,3.0,2.0,1.0,4.0,0.0,0.0,0.0,0.0,0.0,0.0,0.0,0.0,0.0
1,1.0,2.0,35.0,18.0,59.0,5.0,3.0,0.0,0.0,1.0,0.0,1.0,0.0,0.0,5.0,0.0,0.0,0.0,2.0,0.0,0.0,0.0,1.0,0.0
2,1.0,3.0,23.0,22.0,41.0,8.0,1.0,0.0,0.0,0.0,0.0,3.0,0.0,0.0,9.0,0.0,0.0,0.0,0.0,1.0,0.0,0.0,0.0,0.0
3,1.0,4.0,78.0,30.0,62.0,10.0,3.0,1.0,1.0,0.0,0.0,0.0,0.0,0.0,2.0,1.0,0.0,1.0,0.0,0.0,0.0,0.0,0.0,0.0
4,1.0,5.0,78.0,46.0,6.0,30.0,1.0,14.0,0.0,13.0,6.0,5.0,6.0,0.0,0.0,0.0,1.0,0.0,0.0,0.0,0.0,0.0,0.0,0.0
5,1.0,6.0,38.0,68.0,29.0,32.0,5.0,1.0,0.0,6.0,3.0,4.0,2.0,0.0,2.0,1.0,0.0,1.0,1.0,0.0,0.0,0.0,0.0,0.0
6,1.0,7.0,0.0,3.0,3.0,1.0,1.0,0.0,0.0,1.0,1.0,2.0,0.0,0.0,25.0,1.0,0.0,1.0,4.0,1.0,0.0,0.0,0.0,0.0
7,1.0,8.0,38.0,58.0,64.0,11.0,7.0,0.0,0.0,3.0,1.0,3.0,0.0,0.0,3.0,0.0,1.0,0.0,1.0,0.0,0.0,1.0,0.0,0.0
8,1.0,9.0,56.0,34.0,100.0,13.0,3.0,1.0,0.0,7.0,1.0,4.0,1.0,0.0,2.0,1.0,0.0,0.0,1.0,0.0,1.0,0.0,0.0,0.0
9,1.0,10.0,53.0,36.0,19.0,34.0,2.0,7.0,0.0,7.0,4.0,5.0,6.0,0.0,0.0,0.0,0.0,0.0,0.0,0.0,0.0,0.0,0.0,0.0
10,1.0,11.0,134.0,3.0,12.0,4.0,3.0,0.0,0.0,0.0,0.0,0.0,0.0,1.0,1.0,0.0,2.0,0.0,1.0,0.0,0.0,0.0,0.0,0.0
11,1.0,12.0,120.0,31.0,19.0,8.0,6.0,0.0,0.0,1.0,1.0,0.0,0.0,0.0,1.0,0.0,0.0,0.0,0.0,0.0,0.0,0.0,0.0,0.0
12,1.0,13.0,36.0,37.0,112.0,19.0,4.0,9.0,0.0,9.0,2.0,5.0,5.0,0.0,0.0,0.0,0.0,1.0,2.0,0.0,0.0,0.0,0.0,0.0
13,1.0,14.0,57.0,52.0,43.0,25.0,5.0,6.0,0.0,9.0,4.0,0.0,6.0,0.0,0.0,0.0,0.0,0.0,0.0,0.0,0.0,0.0,0.0,0.0
14,1.0,15.0,1.0,32.0,17.0,44.0,10.0,14.0,0.0,2.0,16.0,4.0,36.0,0.0,0.0,0.0,0.0,0.0,0.0,0.0,0.0,0.0,0.0,0.0
15,1.0,16.0,34.0,60.0,30.0,61.0,6.0,3.0,1.0,4.0,6.0,7.0,7.0,2.0,0.0,1.0,0.0,0.0,0.0,0.0,0.0,0.0,0.0,0.0
16,1.0,17.0,64.0,35.0,57.0,13.0,2.0,0.0,0.0,9.0,3.0,2.0,0.0,0.0,4.0,0.0,1.0,0.0,4.0,0.0,3.0,0.0,0.0,0.0
17,1.0,18.0,102.0,31.0,56.0,24.0,4.0,0.0,0.0,7.0,4.0,3.0,2.0,0.0,1.0,0.0,0.0,0.0,0.0,0.0,2.0,0.0,0.0,0.0
18,1.0,19.0,40.0,34.0,51.0,43.0,9.0,10.0,0.0,6.0,16.0,5.0,15.0,0.0,0.0,0.0,0.0,0.0,0.0,1.0,1.0,0.0,0.0,0.0
19,1.0,20.0,10.0,9.0,42.0,11.0,1.0,0.0,0.0,0.0,0.0,0.0,1.0,0.0,0.0,0.0,0.0,0.0,1.0,0.0,0.0,0.0,0.0,0.0
20,2.0,1.0,83.0,36.0,57.0,69.0,25.0,2.0,0.0,6.0,6.0,10.0,6.0,0.0,0.0,2.0,0.0,0.0,0.0,0.0,0.0,2.0,0.0,0.0
21,2.0,2.0,60.0,66.0,50.0,76.0,17.0,5.0,0.0,7.0,6.0,1.0,14.0,0.0,0.0,1.0,0.0,0.0,1.0,0.0,1.0,0.0,0.0,0.0
22,2.0,3.0,77.0,35.0,33.0,48.0,18.0,6.0,0.0,5.0,1.0,1.0,16.0,0.0,0.0,0.0,0.0,0.0,1.0,0.0,0.0,1.0,0.0,0.0
23,2.0,4.0,73.0,26.0,29.0,46.0,9.0,4.0,0.0,1.0,9.0,5.0,18.0,0.0,1.0,0.0,0.0,0.0,0.0,0.0,0.0,0.0,0.0,0.0
24,2.0,5.0,102.0,2.0,6.0,4.0,1.0,0.0,0.0,1.0,0.0,0.0,0.0,0.0,0.0,0.0,0.0,0.0,0.0,0.0,0.0,0.0,0.0,0.0
25,2.0,6.0,135.0,15.0,8.0,6.0,2.0,7.0,0.0,3.0,2.0,2.0,9.0,0.0,0.0,0.0,0.0,0.0,0.0,0.0,0.0,0.0,0.0,0.0
26,2.0,7.0,113.0,2.0,67.0,3.0,1.0,0.0,1.0,0.0,1.0,0.0,1.0,0.0,2.0,0.0,0.0,0.0,2.0,0.0,0.0,1.0,0.0,0.0
27,2.0,8.0,14.0,0.0,9.0,0.0,0.0,0.0,0.0,0.0,0.0,0.0,0.0,0.0,2.0,0.0,0.0,0.0,1.0,1.0,0.0,0.0,1.0,0.0
28,2.0,9.0,115.0,24.0,40.0,26.0,5.0,4.0,0.0,7.0,5.0,3.0,6.0,0.0,0.0,0.0,0.0,0.0,0.0,0.0,0.0,0.0,0.0,0.0
29,2.0,10.0,99.0,24.0,42.0,20.0,3.0,3.0,0.0,3.0,3.0,2.0,9.0,0.0,0.0,0.0,0.0,0.0,0.0,0.0,0.0,0.0,0.0,0.0
30,2.0,11.0,107.0,17.0,14.0,12.0,3.0,11.0,0.0,5.0,14.0,5.0,17.0,0.0,0.0,0.0,0.0,0.0,0.0,0.0,1.0,0.0,0.0,0.0
31,2.0,12.0,73.0,20.0,26.0,4.0,4.0,0.0,1.0,0.0,1.0,4.0,2.0,0.0,6.0,0.0,2.0,0.0,2.0,0.0,2.0,0.0,0.0,0.0
32,2.0,13.0,43.0,33.0,91.0,5.0,4.0,0.0,0.0,1.0,1.0,0.0,1.0,0.0,0.0,0.0,0.0,0.0,0.0,0.0,0.0,1.0,0.0,0.0
33,2.0,14.0,44.0,33.0,49.0,56.0,15.0,22.0,0.0,12.0,15.0,10.0,40.0,0.0,0.0,0.0,0.0,1.0,1.0,0.0,0.0,0.0,0.0,0.0
34,2.0,15.0,76.0,44.0,21.0,39.0,11.0,13.0,0.0,5.0,22.0,4.0,22.0,1.0,0.0,2.0,0.0,0.0,0.0,0.0,0.0,1.0,0.0,0.0
35,2.0,16.0,110.0,5.0,22.0,17.0,5.0,7.0,0.0,6.0,11.0,1.0,22.0,0.0,0.0,0.0,1.0,0.0,1.0,0.0,1.0,0.0,0.0,0.0
36,2.0,17.0,29.0,37.0,71.0,12.0,1.0,0.0,1.0,1.0,0.0,1.0,0.0,0.0,0.0,0.0,0.0,0.0,0.0,0.0,0.0,0.0,0.0,0.0
37,2.0,18.0,36.0,26.0,78.0,8.0,2.0,1.0,0.0,1.0,0.0,0.0,0.0,0.0,0.0,0.0,0.0,0.0,0.0,0.0,0.0,0.0,0.0,0.0
38,2.0,19.0,54.0,52.0,64.0,33.0,9.0,2.0,1.0,6.0,11.0,5.0,7.0,1.0,0.0,2.0,0.0,0.0,0.0,0.0,0.0,1.0,0.0,0.0
39,2.0,20.0,66.0,41.0,25.0,42.0,14.0,19.0,0.0,14.0,23.0,8.0,30.0,0.0,0.0,0.0,1.0,0.0,0.0,0.0,0.0,1.0,0.0,0.0
40,3.0,1.0,26.0,58.0,64.0,24.0,8.0,0.0,0.0,0.0,2.0,14.0,0.0,0.0,0.0,0.0,0.0,1.0,0.0,0.0,0.0,6.0,0.0,0.0
41,3.0,2.0,84.0,26.0,31.0,4.0,3.0,2.0,0.0,0.0,3.0,0.0,2.0,0.0,0.0,0.0,0.0,0.0,0.0,0.0,1.0,0.0,0.0,0.0
42,3.0,3.0,43.0,50.0,55.0,25.0,5.0,1.0,0.0,7.0,1.0,0.0,0.0,0.0,0.0,0.0,0.0,0.0,0.0,0.0,0.0,2.0,0.0,0.0
43,3.0,4.0,81.0,25.0,24.0,7.0,4.0,0.0,0.0,0.0,1.0,0.0,1.0,0.0,0.0,0.0,0.0,0.0,0.0,0.0,0.0,0.0,1.0,0.0
44,3.0,5.0,68.0,26.0,32.0,13.0,6.0,0.0,0.0,2.0,0.0,0.0,0.0,0.0,0.0,0.0,0.0,0.0,0.0,0.0,0.0,1.0,0.0,0.0
45,3.0,6.0,58.0,55.0,28.0,36.0,9.0,0.0,0.0,4.0,1.0,0.0,0.0,1.0,0.0,1.0,0.0,0.0,0.0,0.0,0.0,3.0,0.0,0.0
46,3.0,7.0,34.0,67.0,31.0,30.0,6.0,0.0,0.0,1.0,5.0,0.0,1.0,0.0,0.0,1.0,0.0,0.0,0.0,0.0,0.0,0.0,1.0,0.0
47,3.0,8.0,5.0,48.0,77.0,31.0,9.0,0.0,0.0,1.0,1.0,8.0,3.0,0.0,0.0,1.0,0.0,1.0,0.0,0.0,0.0,2.0,0.0,0.0
48,3.0,9.0,74.0,31.0,30.0,23.0,8.0,0.0,0.0,2.0,2.0,7.0,0.0,0.0,0.0,0.0,1.0,0.0,0.0,0.0,0.0,0.0,0.0,0.0
49,3.0,10.0,78.0,28.0,26.0,31.0,13.0,0.0,1.0,8.0,5.0,2.0,0.0,0.0,0.0,2.0,0.0,0.0,0.0,0.0,0.0,0.0,0.0,0.0
50,3.0,11.0,40.0,28.0,90.0,18.0,8.0,0.0,0.0,2.0,2.0,2.0,1.0,0.0,0.0,0.0,0.0,0.0,0.0,0.0,0.0,0.0,0.0,0.0
51,3.0,12.0,19.0,93.0,97.0,26.0,1.0,0.0,0.0,5.0,0.0,0.0,0.0,0.0,0.0,0.0,0.0,0.0,0.0,0.0,0.0,0.0,0.0,0.0
52,3.0,13.0,52.0,65.0,71.0,13.0,3.0,0.0,0.0,1.0,0.0,2.0,0.0,0.0,0.0,0.0,0.0,0.0,0.0,0.0,0.0,0.0,0.0,0.0
53,3.0,14.0,46.0,51.0,52.0,22.0,11.0,0.0,0.0,7.0,2.0,0.0,1.0,0.0,0.0,0.0,0.0,0.0,0.0,0.0,0.0,0.0,0.0,0.0
54,3.0,15.0,39.0,16.0,107.0,0.0,0.0,0.0,0.0,0.0,0.0,0.0,0.0,0.0,0.0,0.0,0.0,0.0,0.0,0.0,0.0,0.0,0.0,0.0
55,3.0,16.0,55.0,32.0,47.0,12.0,3.0,0.0,0.0,2.0,3.0,0.0,0.0,0.0,1.0,0.0,0.0,0.0,0.0,0.0,0.0,0.0,0.0,0.0
56,3.0,17.0,45.0,14.0,79.0,4.0,7.0,0.0,0.0,0.0,0.0,1.0,0.0,1.0,0.0,0.0,0.0,0.0,0.0,0.0,0.0,0.0,0.0,0.0
57,3.0,18.0,65.0,42.0,57.0,10.0,5.0,1.0,0.0,2.0,1.0,0.0,1.0,0.0,0.0,0.0,0.0,0.0,0.0,0.0,0.0,0.0,0.0,0.0
58,3.0,19.0,37.0,36.0,71.0,15.0,4.0,0.0,0.0,1.0,0.0,1.0,0.0,0.0,0.0,1.0,1.0,0.0,0.0,0.0,0.0,0.0,0.0,0.0
59,3.0,20.0,40.0,45.0,34.0,20.0,3.0,16.0,0.0,7.0,4.0,5.0,9.0,1.0,0.0,0.0,0.0,0.0,0.0,0.0,0.0,0.0,0.0,0.0
60,4.0,1.0,57.0,7.0,64.0,6.0,2.0,2.0,0.0,4.0,1.0,0.0,2.0,0.0,0.0,0.0,0.0,0.0,0.0,0.0,0.0,0.0,0.0,1.0
61,4.0,2.0,80.0,4.0,63.0,2.0,2.0,1.0,0.0,1.0,0.0,1.0,0.0,0.0,0.0,0.0,0.0,0.0,0.0,0.0,0.0,0.0,0.0,0.0
62,4.0,3.0,79.0,24.0,72.0,3.0,4.0,0.0,0.0,4.0,0.0,3.0,1.0,0.0,0.0,0.0,0.0,1.0,0.0,0.0,0.0,0.0,0.0,0.0
63,4.0,4.0,35.0,36.0,58.0,21.0,9.0,1.0,0.0,5.0,2.0,4.0,0.0,0.0,0.0,0.0,0.0,0.0,0.0,0.0,0.0,0.0,0.0,0.0
64,4.0,5.0,40.0,37.0,60.0,14.0,6.0,1.0,0.0,4.0,0.0,2.0,0.0,0.0,0.0,1.0,0.0,0.0,0.0,0.0,0.0,0.0,0.0,0.0
65,4.0,6.0,90.0,6.0,39.0,6.0,0.0,0.0,0.0,0.0,1.0,3.0,0.0,0.0,0.0,0.0,0.0,0.0,0.0,0.0,2.0,0.0,0.0,0.0
66,4.0,7.0,87.0,14.0,8.0,3.0,11.0,2.0,0.0,8.0,7.0,7.0,1.0,0.0,0.0,0.0,0.0,0.0,0.0,0.0,1.0,0.0,0.0,0.0
67,4.0,8.0,37.0,31.0,72.0,1.0,4.0,0.0,0.0,0.0,0.0,0.0,0.0,0.0,0.0,0.0,0.0,0.0,0.0,0.0,0.0,0.0,0.0,0.0
68,4.0,9.0,80.0,18.0,58.0,12.0,4.0,0.0,0.0,0.0,1.0,3.0,0.0,0.0,0.0,0.0,0.0,1.0,0.0,0.0,0.0,0.0,0.0,0.0
69,4.0,10.0,76.0,13.0,84.0,3.0,5.0,0.0,0.0,1.0,0.0,0.0,0.0,0.0,0.0,1.0,0.0,0.0,0.0,0.0,1.0,0.0,0.0,0.0
70,4.0,11.0,113.0,24.0,33.0,2.0,0.0,0.0,0.0,3.0,0.0,0.0,0.0,0.0,0.0,0.0,0.0,0.0,0.0,0.0,0.0,0.0,0.0,0.0
71,4.0,12.0,50.0,57.0,75.0,10.0,5.0,2.0,0.0,5.0,2.0,3.0,2.0,0.0,0.0,0.0,0.0,0.0,0.0,0.0,0.0,0.0,0.0,0.0
72,4.0,13.0,73.0,40.0,25.0,3.0,4.0,0.0,0.0,2.0,0.0,0.0,0.0,0.0,0.0,0.0,0.0,0.0,1.0,0.0,0.0,0.0,0.0,0.0
73,4.0,14.0,56.0,44.0,31.0,11.0,2.0,0.0,0.0,2.0,0.0,2.0,0.0,0.0,0.0,0.0,1.0,1.0,0.0,0.0,0.0,0.0,0.0,0.0
74,4.0,15.0,13.0,94.0,71.0,3.0,0.0,0.0,0.0,1.0,0.0,2.0,0.0,0.0,1.0,0.0,0.0,1.0,0.0,0.0,0.0,0.0,0.0,0.0
75,4.0,16.0,11.0,59.0,93.0,4.0,1.0,0.0,0.0,1.0,0.0,2.0,0.0,0.0,0.0,0.0,0.0,0.0,0.0,0.0,0.0,0.0,0.0,0.0
76,4.0,17.0,8.0,15.0,16.0,0.0,2.0,0.0,0.0,0.0,0.0,2.0,0.0,1.0,13.0,1.0,1.0,0.0,5.0,2.0,2.0,0.0,0.0,1.0
77,4.0,18.0,89.0,37.0,31.0,1.0,1.0,0.0,0.0,0.0,0.0,0.0,0.0,0.0,2.0,0.0,0.0,0.0,1.0,0.0,1.0,0.0,0.0,0.0
78,4.0,19.0,25.0,39.0,58.0,3.0,1.0,0.0,0.0,0.0,1.0,1.0,0.0,0.0,0.0,0.0,0.0,0.0,0.0,1.0,0.0,0.0,1.0,0.0
79,4.0,20.0,7.0,33.0,43.0,2.0,1.0,0.0,0.0,0.0,0.0,2.0,0.0,0.0,0.0,0.0,0.0,0.0,2.0,0.0,0.0,0.0,0.0,0.0
80,5.0,1.0,49.0,117.0,39.0,72.0,5.0,1.0,0.0,4.0,13.0,7.0,2.0,1.0,0.0,1.0,0.0,0.0,0.0,0.0,0.0,0.0,0.0,0.0
81,5.0,2.0,94.0,36.0,27.0,33.0,14.0,5.0,1.0,1.0,13.0,5.0,6.0,0.0,0.0,1.0,0.0,1.0,0.0,0.0,0.0,0.0,0.0,0.0
82,5.0,3.0,14.0,33.0,116.0,4.0,3.0,1.0,0.0,2.0,0.0,0.0,1.0,0.0,0.0,0.0,0.0,2.0,0.0,0.0,0.0,0.0,0.0,0.0
83,5.0,4.0,27.0,55.0,73.0,18.0,13.0,21.0,2.0,1.0,14.0,11.0,16.0,0.0,0.0,1.0,0.0,0.0,0.0,0.0,0.0,0.0,0.0,0.0
84,5.0,5.0,50.0,102.0,22.0,56.0,5.0,2.0,0.0,3.0,1.0,10.0,0.0,1.0,0.0,3.0,0.0,0.0,1.0,0.0,1.0,0.0,0.0,0.0
85,5.0,6.0,67.0,68.0,15.0,30.0,9.0,20.0,0.0,7.0,13.0,8.0,10.0,0.0,0.0,0.0,1.0,0.0,0.0,0.0,1.0,0.0,0.0,0.0
86,5.0,7.0,47.0,65.0,75.0,30.0,3.0,9.0,0.0,1.0,5.0,6.0,8.0,0.0,0.0,0.0,0.0,0.0,0.0,0.0,0.0,0.0,0.0,0.0
87,5.0,8.0,76.0,1.0,56.0,1.0,4.0,0.0,0.0,0.0,2.0,1.0,1.0,0.0,3.0,0.0,0.0,0.0,0.0,0.0,0.0,0.0,0.0,0.0
88,5.0,9.0,112.0,48.0,29.0,33.0,5.0,3.0,0.0,1.0,2.0,6.0,1.0,0.0,0.0,1.0,1.0,0.0,0.0,0.0,0.0,1.0,0.0,0.0
89,5.0,10.0,124.0,37.0,13.0,20.0,11.0,6.0,0.0,1.0,6.0,4.0,5.0,0.0,0.0,0.0,0.0,0.0,0.0,0.0,0.0,0.0,0.0,0.0
90,5.0,11.0,126.0,18.0,29.0,7.0,10.0,1.0,1.0,3.0,10.0,3.0,13.0,0.0,0.0,0.0,0.0,0.0,0.0,0.0,0.0,0.0,0.0,0.0
91,5.0,12.0,85.0,38.0,42.0,26.0,6.0,3.0,0.0,3.0,11.0,0.0,11.0,0.0,0.0,1.0,0.0,0.0,0.0,0.0,1.0,0.0,0.0,0.0
92,5.0,13.0,23.0,64.0,38.0,75.0,8.0,15.0,0.0,8.0,9.0,9.0,17.0,0.0,0.0,0.0,0.0,0.0,0.0,0.0,0.0,1.0,0.0,0.0
93,5.0,14.0,88.0,30.0,26.0,37.0,12.0,7.0,1.0,5.0,14.0,2.0,12.0,0.0,0.0,0.0,0.0,0.0,0.0,0.0,0.0,0.0,0.0,0.0
94,5.0,15.0,64.0,58.0,40.0,72.0,17.0,7.0,0.0,5.0,14.0,7.0,10.0,0.0,0.0,2.0,0.0,0.0,0.0,0.0,0.0,0.0,0.0,0.0
95,5.0,16.0,65.0,79.0,47.0,62.0,15.0,3.0,0.0,10.0,15.0,2.0,13.0,0.0,0.0,0.0,0.0,0.0,0.0,0.0,0.0,0.0,0.0,1.0
96,5.0,17.0,5.0,22.0,49.0,8.0,0.0,2.0,0.0,3.0,0.0,0.0,3.0,0.0,1.0,1.0,0.0,0.0,0.0,0.0,0.0,0.0,0.0,0.0
97,5.0,18.0,25.0,37.0,58.0,20.0,3.0,11.0,0.0,5.0,1.0,4.0,10.0,0.0,3.0,0.0,0.0,0.0,0.0,0.0,0.0,0.0,0.0,0.0
98,5.0,19.0,109.0,18.0,20.0,24.0,5.0,0.0,0.0,9.0,4.0,0.0,7.0,0.0,0.0,0.0,0.0,0.0,3.0,0.0,2.0,0.0,0.0,1.0
99,5.0,20.0,39.0,15.0,38.0,32.0,14.0,5.0,0.0,3.0,20.0,2.0,10.0,0.0,1.0,0.0,0.0,1.0,0.0,1.0,1.0,0.0,0.0,0.0
100,6.0,1.0,28.0,2.0,14.0,1.0,5.0,1.0,5.0,1.0,2.0,1.0,1.0,0.0,17.0,1.0,4.0,3.0,9.0,3.0,4.0,0.0,1.0,1.0
101,6.0,2.0,24.0,0.0,7.0,0.0,2.0,0.0,4.0,1.0,2.0,4.0,0.0,0.0,11.0,0.0,1.0,0.0,7.0,4.0,3.0,0.0,0.0,3.0
102,6.0,3.0,134.0,1.0,17.0,2.0,9.0,0.0,0.0,0.0,5.0,1.0,6.0,1.0,0.0,0.0,1.0,0.0,4.0,0.0,0.0,0.0,0.0,0.0
103,6.0,4.0,96.0,0.0,2.0,0.0,4.0,0.0,0.0,0.0,0.0,0.0,0.0,0.0,0.0,0.0,0.0,0.0,0.0,0.0,0.0,0.0,0.0,0.0
104,6.0,5.0,129.0,12.0,31.0,27.0,18.0,3.0,0.0,5.0,10.0,4.0,11.0,0.0,1.0,0.0,2.0,0.0,1.0,1.0,0.0,0.0,0.0,0.0
105,6.0,6.0,193.0,2.0,0.0,1.0,3.0,0.0,0.0,0.0,1.0,0.0,0.0,0.0,0.0,0.0,0.0,0.0,0.0,0.0,0.0,0.0,0.0,0.0
106,6.0,7.0,118.0,32.0,5.0,21.0,6.0,9.0,0.0,7.0,12.0,3.0,33.0,0.0,0.0,0.0,0.0,0.0,0.0,1.0,0.0,0.0,0.0,0.0
107,6.0,8.0,100.0,1.0,3.0,0.0,0.0,0.0,0.0,0.0,0.0,0.0,0.0,0.0,0.0,0.0,0.0,0.0,0.0,0.0,0.0,0.0,0.0,0.0
108,6.0,9.0,92.0,16.0,26.0,23.0,14.0,18.0,1.0,7.0,27.0,7.0,33.0,0.0,1.0,2.0,0.0,0.0,0.0,0.0,0.0,0.0,0.0,0.0
109,6.0,10.0,29.0,3.0,2.0,3.0,3.0,3.0,0.0,0.0,5.0,0.0,1.0,0.0,1.0,0.0,0.0,0.0,2.0,0.0,1.0,0.0,2.0,1.0
110,6.0,11.0,11.0,0.0,4.0,0.0,1.0,0.0,0.0,0.0,1.0,2.0,1.0,0.0,2.0,2.0,3.0,0.0,5.0,2.0,1.0,0.0,0.0,3.0
111,6.0,12.0,62.0,2.0,12.0,0.0,4.0,0.0,2.0,1.0,1.0,1.0,1.0,0.0,5.0,2.0,2.0,0.0,2.0,2.0,6.0,1.0,2.0,0.0
112,6.0,13.0,176.0,0.0,5.0,10.0,12.0,0.0,0.0,3.0,3.0,0.0,1.0,0.0,1.0,0.0,1.0,0.0,0.0,1.0,2.0,0.0,2.0,1.0
113,6.0,14.0,51.0,1.0,16.0,1.0,7.0,0.0,0.0,0.0,2.0,2.0,0.0,0.0,4.0,0.0,1.0,0.0,2.0,2.0,2.0,1.0,1.0,0.0
114,6.0,15.0,26.0,0.0,5.0,0.0,1.0,0.0,3.0,1.0,4.0,4.0,0.0,1.0,22.0,4.0,5.0,1.0,15.0,6.0,5.0,0.0,1.0,0.0
115,6.0,16.0,28.0,0.0,11.0,2.0,7.0,0.0,2.0,0.0,0.0,1.0,0.0,2.0,21.0,2.0,3.0,1.0,5.0,3.0,5.0,0.0,1.0,3.0
116,6.0,17.0,85.0,26.0,32.0,47.0,20.0,10.0,0.0,7.0,15.0,0.0,23.0,0.0,0.0,0.0,0.0,2.0,0.0,0.0,0.0,0.0,0.0,0.0
117,6.0,18.0,89.0,29.0,9.0,45.0,9.0,22.0,0.0,3.0,19.0,8.0,31.0,0.0,0.0,0.0,0.0,0.0,2.0,0.0,0.0,1.0,0.0,0.0
118,6.0,19.0,177.0,4.0,4.0,3.0,3.0,0.0,0.0,2.0,3.0,0.0,1.0,0.0,1.0,0.0,0.0,0.0,1.0,0.0,0.0,0.0,0.0,0.0
119,6.0,20.0,70.0,27.0,25.0,17.0,13.0,3.0,0.0,2.0,7.0,2.0,5.0,0.0,0.0,0.0,1.0,0.0,1.0,0.0,0.0,0.0,0.0,0.0
120,7.0,1.0,74.0,23.0,33.0,13.0,8.0,1.0,0.0,1.0,2.0,0.0,2.0,0.0,0.0,0.0,0.0,0.0,0.0,0.0,0.0,0.0,0.0,0.0
121,7.0,2.0,112.0,23.0,40.0,12.0,3.0,0.0,0.0,0.0,0.0,3.0,0.0,0.0,0.0,2.0,0.0,0.0,0.0,0.0,0.0,0.0,0.0,0.0
122,7.0,3.0,66.0,8.0,77.0,5.0,4.0,0.0,0.0,0.0,2.0,1.0,0.0,0.0,1.0,0.0,0.0,0.0,4.0,0.0,2.0,0.0,0.0,0.0
123,7.0,4.0,63.0,41.0,48.0,59.0,13.0,9.0,0.0,8.0,13.0,4.0,10.0,1.0,1.0,0.0,0.0,0.0,0.0,0.0,0.0,2.0,0.0,0.0
124,7.0,5.0,17.0,27.0,95.0,26.0,18.0,2.0,0.0,0.0,11.0,0.0,22.0,0.0,0.0,0.0,0.0,0.0,0.0,0.0,0.0,7.0,0.0,0.0
125,7.0,6.0,17.0,62.0,102.0,49.0,15.0,5.0,0.0,0.0,9.0,5.0,2.0,0.0,0.0,2.0,0.0,0.0,0.0,0.0,0.0,1.0,0.0,0.0
126,7.0,7.0,53.0,39.0,63.0,32.0,10.0,1.0,0.0,1.0,6.0,2.0,1.0,0.0,0.0,0.0,0.0,0.0,0.0,0.0,0.0,0.0,0.0,0.0
127,7.0,8.0,33.0,55.0,57.0,32.0,10.0,6.0,0.0,8.0,8.0,4.0,8.0,0.0,0.0,0.0,0.0,0.0,0.0,0.0,0.0,0.0,0.0,0.0
128,7.0,9.0,15.0,66.0,85.0,28.0,2.0,3.0,0.0,6.0,5.0,3.0,10.0,0.0,0.0,0.0,0.0,2.0,0.0,0.0,0.0,1.0,0.0,0.0
129,7.0,10.0,2.0,41.0,86.0,8.0,0.0,0.0,0.0,0.0,0.0,1.0,0.0,0.0,0.0,0.0,0.0,1.0,0.0,0.0,0.0,0.0,0.0,0.0
130,7.0,11.0,14.0,42.0,87.0,11.0,2.0,0.0,0.0,0.0,0.0,4.0,3.0,0.0,0.0,0.0,0.0,0.0,0.0,0.0,1.0,0.0,0.0,0.0
131,7.0,12.0,9.0,21.0,75.0,2.0,4.0,0.0,0.0,0.0,1.0,1.0,1.0,0.0,3.0,0.0,0.0,0.0,0.0,0.0,3.0,0.0,0.0,0.0
132,7.0,13.0,14.0,25.0,52.0,3.0,3.0,1.0,0.0,0.0,0.0,2.0,0.0,0.0,1.0,1.0,0.0,0.0,0.0,0.0,0.0,0.0,0.0,1.0
133,7.0,14.0,11.0,49.0,69.0,40.0,2.0,12.0,0.0,5.0,19.0,6.0,12.0,2.0,0.0,1.0,0.0,0.0,0.0,0.0,0.0,3.0,0.0,0.0
134,7.0,15.0,21.0,68.0,35.0,44.0,13.0,11.0,0.0,0.0,12.0,1.0,10.0,0.0,0.0,1.0,1.0,0.0,0.0,1.0,2.0,0.0,0.0,0.0
135,7.0,16.0,7.0,82.0,35.0,55.0,4.0,5.0,0.0,6.0,17.0,1.0,4.0,2.0,0.0,1.0,1.0,2.0,0.0,0.0,0.0,4.0,0.0,0.0
136,7.0,17.0,42.0,27.0,57.0,20.0,6.0,0.0,0.0,2.0,10.0,4.0,4.0,0.0,0.0,0.0,0.0,1.0,2.0,0.0,0.0,3.0,0.0,0.0
137,7.0,18.0,24.0,23.0,51.0,13.0,6.0,1.0,0.0,4.0,5.0,0.0,0.0,0.0,0.0,0.0,0.0,0.0,1.0,0.0,0.0,0.0,0.0,0.0
138,7.0,19.0,46.0,62.0,21.0,76.0,10.0,2.0,2.0,1.0,11.0,0.0,1.0,1.0,0.0,3.0,0.0,0.0,0.0,0.0,0.0,1.0,0.0,0.0
139,7.0,20.0,40.0,87.0,36.0,37.0,6.0,8.0,0.0,8.0,6.0,2.0,11.0,0.0,0.0,1.0,0.0,1.0,0.0,0.0,0.0,0.0,0.0,0.0
140,8.0,1.0,53.0,48.0,38.0,56.0,15.0,5.0,1.0,9.0,18.0,5.0,1.0,0.0,0.0,0.0,0.0,0.0,0.0,0.0,0.0,1.0,0.0,0.0
141,8.0,2.0,99.0,21.0,35.0,28.0,8.0,2.0,0.0,4.0,3.0,2.0,3.0,0.0,0.0,1.0,0.0,0.0,0.0,0.0,0.0,0.0,0.0,0.0
142,8.0,3.0,54.0,35.0,21.0,38.0,11.0,23.0,1.0,6.0,18.0,9.0,7.0,2.0,0.0,0.0,0.0,0.0,0.0,0.0,0.0,0.0,0.0,0.0
143,8.0,4.0,30.0,40.0,49.0,16.0,15.0,18.0,0.0,0.0,9.0,2.0,9.0,1.0,0.0,0.0,0.0,0.0,0.0,0.0,0.0,1.0,0.0,0.0
144,8.0,5.0,20.0,55.0,72.0,19.0,6.0,1.0,0.0,4.0,4.0,1.0,6.0,1.0,0.0,0.0,0.0,0.0,0.0,0.0,0.0,0.0,0.0,0.0
145,8.0,6.0,37.0,50.0,116.0,12.0,1.0,0.0,0.0,0.0,1.0,0.0,2.0,0.0,0.0,0.0,0.0,0.0,0.0,0.0,0.0,1.0,0.0,0.0
146,8.0,7.0,68.0,26.0,93.0,3.0,1.0,0.0,0.0,5.0,0.0,0.0,0.0,0.0,0.0,0.0,0.0,0.0,0.0,0.0,0.0,0.0,0.0,0.0
147,8.0,8.0,21.0,53.0,68.0,10.0,16.0,0.0,0.0,1.0,1.0,10.0,2.0,2.0,0.0,1.0,0.0,0.0,0.0,0.0,0.0,1.0,0.0,0.0
148,8.0,9.0,32.0,46.0,99.0,10.0,7.0,1.0,0.0,4.0,0.0,0.0,1.0,0.0,0.0,0.0,0.0,0.0,0.0,0.0,0.0,0.0,0.0,0.0
149,8.0,10.0,45.0,25.0,97.0,3.0,2.0,0.0,0.0,1.0,0.0,0.0,0.0,0.0,1.0,0.0,0.0,0.0,0.0,2.0,0.0,0.0,0.0,0.0
150,8.0,11.0,24.0,38.0,121.0,16.0,16.0,0.0,0.0,3.0,3.0,4.0,0.0,0.0,0.0,1.0,1.0,0.0,0.0,0.0,0.0,0.0,0.0,0.0
151,8.0,12.0,8.0,59.0,86.0,3.0,2.0,0.0,0.0,0.0,0.0,0.0,0.0,0.0,4.0,0.0,0.0,0.0,0.0,0.0,0.0,0.0,0.0,0.0
152,8.0,13.0,61.0,22.0,26.0,0.0,1.0,0.0,0.0,0.0,1.0,0.0,0.0,0.0,0.0,0.0,0.0,0.0,0.0,2.0,0.0,0.0,0.0,1.0
153,8.0,14.0,45.0,14.0,38.0,45.0,25.0,2.0,0.0,0.0,2.0,2.0,4.0,0.0,0.0,0.0,0.0,0.0,0.0,0.0,0.0,0.0,0.0,0.0
154,8.0,15.0,13.0,56.0,57.0,104.0,24.0,4.0,0.0,7.0,20.0,8.0,6.0,0.0,0.0,1.0,0.0,0.0,0.0,0.0,0.0,0.0,0.0,0.0
155,8.0,16.0,15.0,9.0,111.0,0.0,4.0,0.0,0.0,0.0,0.0,1.0,0.0,1.0,5.0,0.0,0.0,1.0,2.0,0.0,1.0,0.0,0.0,0.0
156,8.0,17.0,6.0,62.0,72.0,2.0,0.0,0.0,0.0,2.0,0.0,1.0,1.0,0.0,0.0,0.0,1.0,0.0,0.0,0.0,0.0,0.0,0.0,0.0
157,8.0,18.0,50.0,17.0,82.0,8.0,4.0,1.0,0.0,0.0,0.0,0.0,2.0,0.0,0.0,0.0,0.0,0.0,0.0,0.0,0.0,0.0,0.0,0.0
158,8.0,19.0,47.0,28.0,26.0,70.0,36.0,0.0,0.0,3.0,12.0,9.0,0.0,0.0,0.0,3.0,2.0,1.0,0.0,0.0,0.0,1.0,0.0,0.0
159,8.0,20.0,36.0,26.0,23.0,23.0,12.0,0.0,0.0,8.0,4.0,1.0,2.0,0.0,1.0,0.0,0.0,0.0,0.0,0.0,0.0,0.0,0.0,0.0
160,9.0,1.0,105.0,30.0,46.0,15.0,10.0,13.0,0.0,2.0,4.0,4.0,11.0,0.0,0.0,0.0,0.0,0.0,0.0,0.0,1.0,0.0,0.0,0.0
161,9.0,2.0,42.0,114.0,61.0,31.0,9.0,4.0,0.0,11.0,5.0,3.0,5.0,0.0,0.0,0.0,0.0,0.0,0.0,0.0,0.0,0.0,0.0,0.0
162,9.0,3.0,43.0,91.0,37.0,31.0,10.0,9.0,0.0,3.0,13.0,2.0,9.0,1.0,0.0,2.0,0.0,2.0,1.0,0.0,0.0,2.0,0.0,0.0
163,9.0,4.0,66.0,3.0,44.0,4.0,11.0,3.0,0.0,2.0,2.0,0.0,11.0,0.0,9.0,0.0,0.0,3.0,1.0,1.0,1.0,1.0,1.0,0.0
164,9.0,5.0,91.0,30.0,57.0,12.0,2.0,0.0,0.0,4.0,5.0,0.0,1.0,0.0,0.0,0.0,0.0,0.0,0.0,0.0,0.0,0.0,0.0,0.0
165,9.0,6.0,42.0,12.0,29.0,1.0,10.0,0.0,0.0,0.0,0.0,0.0,1.0,0.0,0.0,0.0,0.0,0.0,1.0,0.0,0.0,0.0,0.0,0.0
166,9.0,7.0,77.0,0.0,41.0,0.0,14.0,1.0,0.0,0.0,4.0,0.0,0.0,0.0,2.0,0.0,0.0,0.0,0.0,0.0,1.0,0.0,0.0,0.0
167,9.0,8.0,51.0,0.0,42.0,0.0,6.0,0.0,1.0,3.0,1.0,1.0,1.0,1.0,21.0,1.0,5.0,4.0,2.0,3.0,2.0,0.0,0.0,1.0
168,9.0,9.0,40.0,2.0,17.0,0.0,4.0,5.0,0.0,1.0,4.0,0.0,5.0,0.0,0.0,0.0,0.0,0.0,0.0,1.0,0.0,0.0,0.0,0.0
169,9.0,10.0,135.0,0.0,8.0,0.0,2.0,0.0,0.0,1.0,1.0,0.0,1.0,0.0,0.0,0.0,0.0,0.0,0.0,0.0,1.0,0.0,0.0,0.0
170,9.0,11.0,181.0,0.0,24.0,0.0,4.0,0.0,0.0,0.0,0.0,0.0,0.0,0.0,0.0,0.0,1.0,1.0,0.0,0.0,0.0,0.0,0.0,0.0
171,9.0,12.0,125.0,30.0,21.0,31.0,11.0,2.0,0.0,3.0,5.0,0.0,0.0,0.0,2.0,0.0,0.0,0.0,0.0,0.0,0.0,0.0,0.0,0.0
172,9.0,13.0,62.0,14.0,12.0,12.0,7.0,2.0,0.0,1.0,9.0,0.0,1.0,0.0,0.0,1.0,0.0,0.0,0.0,0.0,0.0,0.0,0.0,0.0
173,9.0,14.0,46.0,88.0,30.0,33.0,17.0,15.0,1.0,3.0,14.0,17.0,14.0,0.0,0.0,0.0,0.0,0.0,0.0,0.0,0.0,3.0,0.0,0.0
174,9.0,15.0,54.0,87.0,48.0,31.0,9.0,6.0,0.0,6.0,13.0,4.0,9.0,0.0,0.0,0.0,0.0,1.0,0.0,0.0,0.0,0.0,0.0,0.0
175,9.0,16.0,104.0,27.0,39.0,30.0,18.0,9.0,0.0,5.0,15.0,2.0,14.0,0.0,0.0,1.0,0.0,1.0,0.0,0.0,0.0,0.0,0.0,0.0
176,9.0,17.0,75.0,4.0,17.0,2.0,5.0,3.0,0.0,0.0,2.0,0.0,2.0,0.0,0.0,0.0,0.0,0.0,0.0,0.0,0.0,0.0,0.0,0.0
177,9.0,18.0,147.0,26.0,27.0,10.0,6.0,4.0,0.0,3.0,9.0,2.0,3.0,0.0,0.0,0.0,0.0,1.0,0.0,0.0,0.0,0.0,0.0,0.0
178,9.0,19.0,48.0,60.0,28.0,19.0,8.0,18.0,0.0,4.0,26.0,6.0,39.0,0.0,0.0,0.0,0.0,0.0,0.0,0.0,0.0,2.0,0.0,0.0
179,9.0,20.0,62.0,70.0,35.0,62.0,9.0,20.0,0.0,10.0,25.0,5.0,26.0,0.0,0.0,2.0,0.0,0.0,0.0,0.0,0.0,2.0,0.0,0.0
180,10.0,1.0,108.0,0.0,34.0,0.0,5.0,0.0,0.0,0.0,0.0,1.0,0.0,0.0,0.0,0.0,0.0,0.0,0.0,0.0,0.0,0.0,0.0,0.0
181,10.0,2.0,150.0,7.0,26.0,3.0,7.0,8.0,0.0,3.0,6.0,1.0,7.0,0.0,0.0,0.0,0.0,0.0,0.0,0.0,0.0,0.0,0.0,0.0
182,10.0,3.0,74.0,41.0,30.0,37.0,12.0,20.0,0.0,2.0,26.0,4.0,30.0,0.0,0.0,2.0,0.0,0.0,0.0,0.0,0.0,0.0,0.0,0.0
183,10.0,4.0,96.0,28.0,23.0,38.0,10.0,20.0,0.0,11.0,23.0,11.0,16.0,0.0,0.0,0.0,0.0,0.0,0.0,0.0,0.0,0.0,0.0,0.0
184,10.0,5.0,119.0,0.0,8.0,0.0,6.0,0.0,0.0,0.0,0.0,2.0,0.0,0.0,1.0,1.0,0.0,0.0,1.0,2.0,2.0,0.0,0.0,0.0
185,10.0,6.0,141.0,24.0,22.0,10.0,9.0,1.0,0.0,2.0,4.0,0.0,8.0,0.0,3.0,0.0,1.0,0.0,0.0,0.0,1.0,0.0,0.0,0.0
186,10.0,7.0,33.0,30.0,50.0,38.0,12.0,25.0,0.0,19.0,31.0,6.0,47.0,0.0,0.0,0.0,0.0,1.0,0.0,0.0,1.0,0.0,0.0,0.0
187,10.0,8.0,102.0,32.0,61.0,10.0,3.0,4.0,0.0,8.0,1.0,8.0,3.0,0.0,1.0,0.0,1.0,0.0,0.0,1.0,0.0,0.0,0.0,0.0
188,10.0,9.0,75.0,10.0,9.0,5.0,5.0,0.0,0.0,1.0,0.0,0.0,2.0,0.0,2.0,0.0,1.0,0.0,1.0,0.0,0.0,0.0,0.0,0.0
189,10.0,10.0,140.0,4.0,38.0,2.0,13.0,1.0,0.0,1.0,1.0,0.0,4.0,1.0,2.0,0.0,0.0,0.0,0.0,1.0,1.0,0.0,0.0,0.0
190,10.0,11.0,46.0,20.0,116.0,41.0,9.0,15.0,1.0,7.0,14.0,3.0,19.0,1.0,2.0,0.0,0.0,0.0,0.0,0.0,1.0,0.0,0.0,0.0
191,10.0,12.0,105.0,20.0,65.0,41.0,10.0,1.0,0.0,2.0,11.0,2.0,8.0,0.0,1.0,0.0,0.0,1.0,0.0,0.0,1.0,0.0,0.0,0.0
192,10.0,13.0,92.0,1.0,32.0,0.0,10.0,0.0,0.0,0.0,0.0,0.0,0.0,0.0,0.0,0.0,0.0,1.0,0.0,0.0,1.0,0.0,0.0,0.0
193,10.0,14.0,122.0,6.0,10.0,2.0,9.0,0.0,0.0,0.0,0.0,0.0,0.0,0.0,0.0,0.0,0.0,0.0,0.0,0.0,0.0,0.0,0.0,0.0
194,10.0,15.0,108.0,38.0,25.0,37.0,9.0,10.0,0.0,11.0,10.0,9.0,8.0,0.0,0.0,0.0,0.0,0.0,0.0,0.0,0.0,0.0,0.0,0.0
195,10.0,16.0,100.0,20.0,13.0,30.0,4.0,7.0,0.0,4.0,12.0,4.0,15.0,0.0,0.0,0.0,2.0,0.0,0.0,0.0,0.0,1.0,0.0,0.0
196,10.0,17.0,93.0,30.0,18.0,16.0,7.0,1.0,0.0,2.0,13.0,2.0,12.0,0.0,0.0,0.0,0.0,0.0,0.0,0.0,0.0,1.0,0.0,0.0
197,10.0,18.0,139.0,18.0,6.0,8.0,2.0,2.0,0.0,3.0,7.0,1.0,4.0,1.0,0.0,0.0,0.0,0.0,0.0,0.0,0.0,0.0,0.0,0.0
198,10.0,19.0,123.0,10.0,15.0,7.0,2.0,5.0,0.0,7.0,3.0,5.0,0.0,0.0,0.0,0.0,0.0,0.0,1.0,0.0,0.0,1.0,0.0,0.0
199,10.0,20.0,123.0,0.0,31.0,13.0,12.0,2.0,0.0,0.0,3.0,2.0,11.0,0.0,0.0,0.0,0.0,0.0,0.0,0.0,0.0,0.0,0.0,0.0
200,11.0,1.0,130.0,18.0,22.0,18.0,7.0,5.0,0.0,4.0,4.0,1.0,2.0,0.0,0.0,0.0,1.0,2.0,0.0,0.0,1.0,0.0,0.0,0.0
201,11.0,2.0,68.0,15.0,24.0,18.0,6.0,20.0,0.0,8.0,14.0,4.0,73.0,0.0,0.0,0.0,0.0,0.0,0.0,0.0,0.0,1.0,0.0,0.0
202,11.0,3.0,52.0,11.0,74.0,32.0,19.0,18.0,0.0,4.0,19.0,2.0,18.0,0.0,0.0,1.0,2.0,0.0,0.0,0.0,0.0,0.0,0.0,0.0
203,11.0,4.0,31.0,35.0,49.0,84.0,22.0,20.0,1.0,12.0,31.0,8.0,14.0,0.0,0.0,1.0,1.0,1.0,0.0,0.0,0.0,4.0,0.0,0.0
204,11.0,5.0,117.0,14.0,19.0,7.0,9.0,2.0,0.0,2.0,4.0,1.0,0.0,0.0,0.0,0.0,1.0,0.0,0.0,0.0,0.0,0.0,0.0,0.0
205,11.0,6.0,77.0,33.0,35.0,41.0,10.0,12.0,0.0,9.0,15.0,11.0,31.0,0.0,0.0,0.0,1.0,0.0,0.0,0.0,0.0,1.0,0.0,0.0
206,11.0,7.0,110.0,14.0,40.0,9.0,4.0,3.0,0.0,3.0,3.0,3.0,8.0,0.0,0.0,0.0,0.0,1.0,0.0,0.0,0.0,0.0,0.0,0.0
207,11.0,8.0,95.0,34.0,56.0,42.0,10.0,0.0,0.0,1.0,3.0,0.0,1.0,0.0,0.0,0.0,1.0,0.0,0.0,0.0,0.0,2.0,0.0,0.0
208,11.0,9.0,69.0,1.0,42.0,1.0,7.0,0.0,0.0,0.0,1.0,2.0,1.0,1.0,10.0,1.0,0.0,0.0,3.0,0.0,2.0,1.0,1.0,0.0
209,11.0,10.0,43.0,46.0,54.0,34.0,11.0,12.0,0.0,6.0,8.0,6.0,4.0,0.0,0.0,1.0,0.0,0.0,0.0,0.0,0.0,0.0,0.0,0.0
210,11.0,11.0,62.0,24.0,64.0,26.0,16.0,5.0,0.0,9.0,6.0,3.0,35.0,0.0,0.0,1.0,0.0,0.0,0.0,0.0,0.0,2.0,0.0,0.0
211,11.0,12.0,49.0,33.0,92.0,32.0,13.0,7.0,0.0,3.0,5.0,5.0,9.0,0.0,0.0,0.0,0.0,0.0,0.0,0.0,0.0,0.0,0.0,0.0
212,11.0,13.0,32.0,38.0,41.0,23.0,8.0,17.0,0.0,2.0,19.0,3.0,18.0,0.0,1.0,0.0,0.0,0.0,0.0,0.0,1.0,3.0,0.0,0.0
213,11.0,14.0,64.0,20.0,76.0,9.0,7.0,0.0,0.0,0.0,0.0,0.0,2.0,0.0,0.0,0.0,0.0,0.0,0.0,0.0,0.0,0.0,0.0,0.0
214,11.0,15.0,37.0,39.0,72.0,51.0,13.0,7.0,0.0,4.0,12.0,0.0,19.0,0.0,0.0,0.0,1.0,0.0,0.0,0.0,0.0,0.0,0.0,0.0
215,11.0,16.0,38.0,39.0,75.0,56.0,6.0,5.0,0.0,9.0,11.0,0.0,9.0,0.0,0.0,0.0,0.0,0.0,0.0,0.0,0.0,0.0,0.0,0.0
216,11.0,17.0,18.0,50.0,44.0,21.0,15.0,1.0,0.0,5.0,8.0,0.0,4.0,0.0,0.0,0.0,0.0,0.0,0.0,0.0,0.0,0.0,0.0,0.0
217,11.0,18.0,79.0,30.0,8.0,13.0,7.0,0.0,0.0,1.0,2.0,0.0,0.0,0.0,0.0,0.0,0.0,0.0,0.0,0.0,1.0,0.0,0.0,0.0
218,11.0,19.0,58.0,55.0,57.0,45.0,10.0,3.0,0.0,3.0,9.0,5.0,6.0,0.0,0.0,1.0,0.0,0.0,0.0,0.0,0.0,0.0,0.0,0.0
219,11.0,20.0,87.0,51.0,39.0,40.0,9.0,2.0,0.0,3.0,4.0,1.0,3.0,1.0,0.0,0.0,0.0,0.0,0.0,0.0,0.0,1.0,0.0,0.0
220,12.0,1.0,34.0,14.0,56.0,2.0,5.0,15.0,0.0,6.0,10.0,0.0,19.0,0.0,0.0,0.0,0.0,0.0,0.0,0.0,0.0,0.0,0.0,0.0
221,12.0,2.0,57.0,55.0,27.0,23.0,11.0,19.0,0.0,3.0,10.0,0.0,24.0,0.0,0.0,1.0,0.0,0.0,0.0,0.0,0.0,0.0,0.0,0.0
222,12.0,3.0,88.0,21.0,38.0,9.0,4.0,7.0,0.0,3.0,5.0,0.0,9.0,0.0,0.0,0.0,0.0,0.0,0.0,0.0,0.0,0.0,0.0,0.0
223,12.0,4.0,73.0,53.0,35.0,36.0,13.0,6.0,0.0,4.0,10.0,5.0,3.0,0.0,0.0,1.0,0.0,0.0,0.0,0.0,0.0,0.0,0.0,0.0
224,12.0,5.0,35.0,34.0,88.0,15.0,8.0,0.0,0.0,0.0,3.0,5.0,0.0,0.0,0.0,0.0,0.0,0.0,0.0,0.0,0.0,0.0,0.0,0.0
225,12.0,6.0,16.0,66.0,79.0,13.0,1.0,3.0,0.0,4.0,1.0,2.0,9.0,0.0,0.0,1.0,0.0,0.0,0.0,0.0,0.0,0.0,0.0,0.0
226,12.0,7.0,26.0,84.0,55.0,19.0,7.0,2.0,0.0,8.0,7.0,7.0,2.0,0.0,0.0,0.0,1.0,0.0,1.0,0.0,0.0,0.0,0.0,0.0
227,12.0,8.0,57.0,45.0,41.0,20.0,2.0,19.0,1.0,5.0,4.0,1.0,10.0,0.0,0.0,1.0,0.0,0.0,0.0,0.0,0.0,1.0,0.0,0.0
228,12.0,9.0,37.0,55.0,74.0,18.0,4.0,3.0,0.0,1.0,3.0,0.0,5.0,0.0,0.0,1.0,0.0,0.0,0.0,0.0,0.0,0.0,0.0,0.0
229,12.0,10.0,23.0,43.0,66.0,10.0,2.0,9.0,0.0,3.0,2.0,0.0,22.0,0.0,0.0,0.0,0.0,0.0,0.0,0.0,0.0,0.0,0.0,0.0
230,12.0,11.0,32.0,77.0,91.0,19.0,3.0,0.0,0.0,4.0,5.0,4.0,1.0,0.0,0.0,0.0,0.0,0.0,4.0,0.0,0.0,0.0,0.0,0.0
231,12.0,12.0,46.0,8.0,58.0,0.0,3.0,0.0,0.0,1.0,1.0,1.0,0.0,0.0,7.0,0.0,0.0,0.0,1.0,1.0,0.0,0.0,0.0,0.0
232,12.0,13.0,38.0,40.0,55.0,32.0,5.0,0.0,0.0,10.0,0.0,2.0,0.0,0.0,1.0,0.0,0.0,0.0,2.0,0.0,0.0,0.0,0.0,0.0
233,12.0,14.0,13.0,44.0,37.0,38.0,12.0,4.0,1.0,3.0,7.0,2.0,2.0,0.0,0.0,0.0,0.0,0.0,0.0,0.0,0.0,0.0,0.0,0.0
234,12.0,15.0,7.0,39.0,74.0,11.0,2.0,0.0,0.0,0.0,0.0,2.0,0.0,0.0,2.0,1.0,0.0,0.0,6.0,0.0,2.0,0.0,0.0,0.0
235,12.0,16.0,40.0,26.0,31.0,3.0,8.0,0.0,0.0,0.0,1.0,1.0,0.0,0.0,15.0,0.0,2.0,0.0,3.0,1.0,0.0,0.0,0.0,0.0
236,12.0,17.0,9.0,41.0,65.0,4.0,8.0,0.0,0.0,1.0,0.0,1.0,0.0,0.0,1.0,0.0,0.0,0.0,3.0,0.0,0.0,0.0,0.0,0.0
237,12.0,18.0,20.0,92.0,34.0,15.0,2.0,0.0,0.0,6.0,0.0,1.0,0.0,0.0,0.0,0.0,0.0,0.0,0.0,0.0,0.0,0.0,0.0,0.0
238,12.0,19.0,17.0,67.0,74.0,6.0,2.0,0.0,1.0,1.0,0.0,0.0,0.0,0.0,0.0,1.0,0.0,0.0,0.0,0.0,0.0,0.0,0.0,0.0
239,12.0,20.0,60.0,48.0,22.0,32.0,7.0,2.0,0.0,0.0,7.0,7.0,0.0,0.0,0.0,1.0,0.0,0.0,0.0,0.0,0.0,1.0,0.0,0.0
240,13.0,1.0,67.0,6.0,20.0,2.0,11.0,0.0,2.0,1.0,5.0,1.0,0.0,0.0,6.0,2.0,2.0,0.0,1.0,0.0,1.0,1.0,1.0,1.0
241,13.0,2.0,42.0,0.0,7.0,0.0,4.0,0.0,0.0,0.0,2.0,2.0,0.0,0.0,3.0,1.0,2.0,0.0,0.0,1.0,3.0,0.0,1.0,1.0
242,13.0,3.0,167.0,0.0,12.0,1.0,9.0,0.0,0.0,0.0,0.0,1.0,0.0,0.0,0.0,0.0,0.0,0.0,0.0,0.0,1.0,0.0,0.0,0.0
243,13.0,4.0,65.0,0.0,21.0,1.0,3.0,0.0,0.0,3.0,0.0,0.0,0.0,1.0,5.0,0.0,1.0,1.0,2.0,0.0,1.0,0.0,0.0,0.0
244,13.0,5.0,1.0,0.0,24.0,0.0,3.0,0.0,2.0,1.0,1.0,1.0,0.0,0.0,56.0,3.0,5.0,2.0,6.0,4.0,2.0,0.0,0.0,0.0
245,13.0,6.0,55.0,7.0,9.0,6.0,4.0,2.0,1.0,2.0,3.0,2.0,1.0,0.0,13.0,0.0,1.0,0.0,3.0,3.0,4.0,0.0,0.0,0.0
246,13.0,7.0,27.0,5.0,9.0,0.0,4.0,0.0,0.0,0.0,0.0,2.0,0.0,0.0,1.0,1.0,0.0,0.0,4.0,0.0,1.0,0.0,0.0,0.0
247,13.0,8.0,59.0,34.0,50.0,8.0,4.0,0.0,1.0,1.0,3.0,4.0,0.0,0.0,2.0,0.0,0.0,0.0,2.0,0.0,0.0,0.0,0.0,0.0
248,13.0,9.0,45.0,24.0,114.0,7.0,10.0,0.0,0.0,1.0,2.0,0.0,1.0,0.0,2.0,0.0,0.0,0.0,0.0,1.0,2.0,0.0,0.0,0.0
249,13.0,10.0,2.0,78.0,87.0,11.0,1.0,6.0,1.0,8.0,6.0,3.0,12.0,0.0,0.0,1.0,0.0,0.0,0.0,0.0,0.0,0.0,0.0,0.0
250,13.0,11.0,51.0,68.0,41.0,33.0,5.0,5.0,1.0,10.0,10.0,10.0,2.0,0.0,0.0,3.0,0.0,0.0,0.0,0.0,0.0,0.0,0.0,0.0
251,13.0,12.0,11.0,76.0,116.0,20.0,3.0,9.0,1.0,8.0,2.0,5.0,14.0,0.0,0.0,0.0,1.0,0.0,0.0,0.0,0.0,0.0,0.0,0.0
252,13.0,13.0,57.0,53.0,47.0,78.0,15.0,10.0,0.0,4.0,30.0,8.0,12.0,0.0,0.0,0.0,1.0,0.0,1.0,0.0,0.0,1.0,0.0,0.0
253,13.0,14.0,44.0,46.0,84.0,64.0,44.0,5.0,1.0,6.0,18.0,5.0,7.0,0.0,0.0,0.0,0.0,0.0,0.0,0.0,0.0,0.0,0.0,0.0
254,13.0,15.0,28.0,84.0,63.0,59.0,16.0,6.0,0.0,9.0,11.0,11.0,11.0,0.0,0.0,4.0,0.0,0.0,0.0,0.0,1.0,2.0,0.0,0.0
255,13.0,16.0,42.0,48.0,105.0,31.0,11.0,1.0,0.0,5.0,9.0,0.0,1.0,0.0,0.0,1.0,0.0,0.0,0.0,0.0,0.0,0.0,0.0,0.0
256,13.0,17.0,51.0,46.0,44.0,32.0,27.0,4.0,1.0,8.0,37.0,4.0,13.0,0.0,0.0,0.0,0.0,0.0,0.0,1.0,0.0,0.0,0.0,0.0
257,13.0,18.0,47.0,25.0,71.0,15.0,9.0,10.0,0.0,2.0,32.0,10.0,7.0,0.0,1.0,0.0,0.0,1.0,0.0,0.0,0.0,1.0,0.0,0.0
258,13.0,19.0,48.0,53.0,87.0,17.0,13.0,0.0,0.0,7.0,3.0,3.0,6.0,0.0,0.0,0.0,0.0,0.0,0.0,0.0,0.0,3.0,0.0,0.0
259,13.0,20.0,47.0,47.0,90.0,51.0,30.0,4.0,0.0,4.0,14.0,12.0,14.0,0.0,0.0,2.0,0.0,1.0,0.0,0.0,1.0,1.0,0.0,0.0
260,14.0,1.0,87.0,19.0,6.0,31.0,5.0,19.0,0.0,4.0,32.0,9.0,33.0,0.0,0.0,0.0,0.0,1.0,1.0,0.0,0.0,1.0,0.0,0.0
261,14.0,2.0,65.0,50.0,39.0,25.0,7.0,2.0,0.0,9.0,5.0,9.0,3.0,0.0,0.0,0.0,0.0,0.0,0.0,0.0,0.0,0.0,0.0,0.0
262,14.0,3.0,64.0,14.0,76.0,3.0,7.0,0.0,0.0,0.0,0.0,0.0,0.0,0.0,0.0,0.0,0.0,0.0,0.0,0.0,0.0,0.0,0.0,0.0
263,14.0,4.0,81.0,28.0,74.0,19.0,4.0,1.0,0.0,0.0,1.0,4.0,11.0,0.0,0.0,1.0,0.0,0.0,0.0,0.0,0.0,0.0,0.0,0.0
264,14.0,5.0,72.0,48.0,19.0,59.0,7.0,11.0,1.0,5.0,2.0,14.0,5.0,0.0,0.0,1.0,0.0,0.0,0.0,0.0,0.0,0.0,0.0,0.0
265,14.0,6.0,17.0,89.0,23.0,62.0,4.0,15.0,2.0,12.0,6.0,15.0,10.0,0.0,0.0,0.0,0.0,0.0,0.0,1.0,0.0,4.0,0.0,0.0
266,14.0,7.0,94.0,22.0,33.0,19.0,11.0,5.0,0.0,3.0,2.0,4.0,3.0,0.0,0.0,0.0,0.0,0.0,0.0,0.0,0.0,0.0,0.0,0.0
267,14.0,8.0,69.0,65.0,28.0,47.0,1.0,17.0,0.0,14.0,12.0,24.0,8.0,1.0,0.0,3.0,1.0,0.0,0.0,0.0,0.0,0.0,0.0,0.0
268,14.0,9.0,88.0,35.0,30.0,61.0,6.0,3.0,0.0,16.0,11.0,13.0,17.0,0.0,0.0,0.0,0.0,0.0,0.0,0.0,0.0,1.0,0.0,0.0
269,14.0,10.0,117.0,20.0,31.0,32.0,2.0,3.0,0.0,2.0,1.0,5.0,7.0,0.0,0.0,0.0,0.0,0.0,0.0,0.0,0.0,0.0,0.0,0.0
270,14.0,11.0,126.0,29.0,22.0,21.0,4.0,0.0,0.0,2.0,3.0,5.0,2.0,1.0,0.0,0.0,0.0,0.0,0.0,0.0,0.0,1.0,0.0,0.0
271,14.0,12.0,66.0,47.0,23.0,39.0,3.0,2.0,0.0,6.0,2.0,9.0,8.0,0.0,0.0,1.0,0.0,0.0,0.0,0.0,0.0,1.0,0.0,0.0
272,14.0,13.0,76.0,15.0,50.0,65.0,33.0,4.0,0.0,5.0,24.0,4.0,18.0,0.0,0.0,1.0,0.0,0.0,1.0,0.0,0.0,0.0,0.0,0.0
273,14.0,14.0,55.0,21.0,37.0,85.0,21.0,2.0,0.0,7.0,3.0,10.0,3.0,0.0,0.0,0.0,0.0,0.0,0.0,0.0,0.0,0.0,0.0,0.0
274,14.0,15.0,26.0,38.0,32.0,74.0,4.0,9.0,0.0,15.0,11.0,27.0,41.0,1.0,1.0,2.0,0.0,0.0,0.0,0.0,0.0,4.0,0.0,0.0
275,14.0,16.0,51.0,38.0,28.0,34.0,5.0,3.0,0.0,0.0,6.0,1.0,23.0,1.0,0.0,0.0,0.0,0.0,0.0,0.0,0.0,8.0,0.0,0.0
276,14.0,17.0,67.0,17.0,51.0,83.0,22.0,6.0,0.0,12.0,13.0,11.0,13.0,0.0,0.0,1.0,0.0,0.0,0.0,0.0,0.0,0.0,0.0,0.0
277,14.0,18.0,112.0,20.0,23.0,31.0,2.0,5.0,0.0,2.0,3.0,3.0,11.0,0.0,0.0,0.0,0.0,0.0,0.0,0.0,0.0,0.0,0.0,0.0
278,14.0,19.0,126.0,11.0,25.0,9.0,4.0,1.0,0.0,2.0,0.0,1.0,0.0,0.0,0.0,0.0,0.0,0.0,0.0,0.0,0.0,0.0,0.0,0.0
279,14.0,20.0,140.0,15.0,28.0,10.0,4.0,0.0,0.0,0.0,1.0,0.0,1.0,0.0,0.0,0.0,0.0,1.0,0.0,0.0,0.0,1.0,0.0,0.0
280,15.0,1.0,117.0,26.0,27.0,21.0,7.0,5.0,0.0,1.0,4.0,5.0,4.0,0.0,0.0,1.0,0.0,0.0,0.0,0.0,0.0,1.0,0.0,0.0
281,15.0,2.0,80.0,63.0,15.0,38.0,4.0,7.0,1.0,8.0,1.0,7.0,13.0,0.0,0.0,0.0,0.0,0.0,0.0,0.0,0.0,3.0,0.0,0.0
282,15.0,3.0,97.0,23.0,37.0,8.0,3.0,1.0,0.0,2.0,1.0,4.0,2.0,0.0,1.0,1.0,0.0,0.0,1.0,0.0,2.0,1.0,0.0,0.0
283,15.0,4.0,170.0,3.0,31.0,2.0,7.0,0.0,0.0,0.0,1.0,0.0,0.0,0.0,0.0,0.0,0.0,0.0,0.0,0.0,0.0,0.0,0.0,0.0
284,15.0,5.0,67.0,49.0,24.0,44.0,5.0,3.0,0.0,7.0,7.0,9.0,10.0,0.0,0.0,0.0,0.0,0.0,0.0,0.0,0.0,3.0,0.0,0.0
285,15.0,6.0,42.0,48.0,28.0,68.0,7.0,9.0,0.0,4.0,8.0,26.0,12.0,1.0,0.0,1.0,3.0,1.0,1.0,0.0,0.0,1.0,0.0,0.0
286,15.0,7.0,144.0,9.0,22.0,20.0,10.0,0.0,0.0,2.0,3.0,1.0,0.0,0.0,0.0,0.0,0.0,0.0,0.0,0.0,0.0,0.0,0.0,0.0
287,15.0,8.0,136.0,9.0,51.0,2.0,5.0,0.0,0.0,0.0,0.0,0.0,0.0,0.0,0.0,0.0,0.0,0.0,0.0,0.0,0.0,0.0,0.0,0.0
288,15.0,9.0,84.0,26.0,38.0,42.0,5.0,4.0,0.0,5.0,2.0,4.0,9.0,0.0,0.0,0.0,0.0,0.0,0.0,0.0,0.0,0.0,0.0,0.0
289,15.0,10.0,49.0,45.0,35.0,52.0,7.0,10.0,0.0,3.0,30.0,3.0,18.0,0.0,0.0,0.0,0.0,0.0,0.0,0.0,0.0,0.0,0.0,0.0
290,15.0,11.0,71.0,20.0,40.0,22.0,11.0,1.0,0.0,5.0,7.0,5.0,5.0,0.0,0.0,0.0,0.0,0.0,0.0,0.0,0.0,0.0,0.0,0.0
291,15.0,12.0,60.0,60.0,45.0,40.0,7.0,5.0,0.0,8.0,4.0,2.0,20.0,0.0,0.0,0.0,0.0,0.0,0.0,0.0,0.0,1.0,0.0,0.0
292,15.0,13.0,57.0,87.0,71.0,21.0,2.0,8.0,0.0,2.0,3.0,1.0,13.0,0.0,0.0,0.0,0.0,0.0,0.0,0.0,0.0,0.0,0.0,0.0
293,15.0,14.0,38.0,28.0,135.0,7.0,5.0,0.0,0.0,3.0,0.0,0.0,0.0,0.0,0.0,0.0,0.0,0.0,0.0,0.0,0.0,0.0,0.0,0.0
294,15.0,15.0,72.0,24.0,69.0,33.0,20.0,9.0,0.0,4.0,10.0,4.0,13.0,0.0,0.0,0.0,0.0,0.0,0.0,0.0,0.0,0.0,0.0,0.0
295,15.0,16.0,118.0,27.0,20.0,16.0,4.0,5.0,0.0,4.0,5.0,0.0,14.0,0.0,0.0,0.0,0.0,0.0,0.0,0.0,0.0,0.0,0.0,0.0
296,15.0,17.0,96.0,62.0,30.0,24.0,1.0,3.0,0.0,3.0,3.0,0.0,2.0,0.0,0.0,0.0,0.0,0.0,0.0,0.0,0.0,0.0,0.0,0.0
297,15.0,18.0,60.0,112.0,69.0,16.0,5.0,0.0,0.0,3.0,1.0,1.0,0.0,0.0,0.0,0.0,0.0,0.0,0.0,0.0,0.0,0.0,0.0,0.0
298,15.0,19.0,56.0,48.0,40.0,35.0,10.0,2.0,0.0,14.0,4.0,8.0,8.0,0.0,0.0,0.0,0.0,0.0,0.0,0.0,0.0,3.0,0.0,0.0
299,15.0,20.0,100.0,12.0,31.0,9.0,7.0,5.0,0.0,0.0,4.0,0.0,5.0,0.0,0.0,0.0,0.0,0.0,0.0,0.0,0.0,0.0,0.0,0.0
300,16.0,1.0,46.0,19.0,92.0,5.0,9.0,0.0,0.0,0.0,0.0,2.0,0.0,0.0,0.0,0.0,0.0,0.0,2.0,0.0,0.0,0.0,0.0,0.0
301,16.0,2.0,71.0,58.0,51.0,18.0,6.0,0.0,0.0,3.0,0.0,1.0,0.0,0.0,0.0,1.0,0.0,0.0,0.0,0.0,0.0,0.0,0.0,0.0
302,16.0,3.0,78.0,54.0,31.0,40.0,10.0,10.0,1.0,3.0,10.0,2.0,4.0,0.0,0.0,3.0,0.0,0.0,0.0,0.0,0.0,0.0,0.0,0.0
303,16.0,4.0,71.0,47.0,79.0,24.0,8.0,1.0,0.0,7.0,4.0,3.0,1.0,0.0,0.0,0.0,0.0,0.0,0.0,0.0,0.0,0.0,0.0,0.0
304,16.0,5.0,65.0,5.0,57.0,4.0,7.0,6.0,0.0,4.0,4.0,3.0,2.0,0.0,0.0,0.0,0.0,0.0,0.0,0.0,0.0,0.0,0.0,0.0
305,16.0,6.0,94.0,1.0,32.0,0.0,6.0,0.0,0.0,1.0,0.0,0.0,0.0,0.0,0.0,0.0,0.0,0.0,0.0,0.0,0.0,0.0,0.0,0.0
306,16.0,7.0,94.0,28.0,37.0,28.0,12.0,0.0,0.0,6.0,3.0,0.0,1.0,1.0,0.0,0.0,0.0,0.0,1.0,0.0,0.0,2.0,1.0,0.0
307,16.0,8.0,43.0,42.0,98.0,33.0,12.0,0.0,0.0,4.0,4.0,4.0,1.0,0.0,0.0,1.0,0.0,0.0,0.0,0.0,0.0,2.0,0.0,0.0
308,16.0,9.0,9.0,19.0,96.0,3.0,6.0,0.0,1.0,0.0,0.0,3.0,0.0,0.0,8.0,1.0,0.0,3.0,2.0,0.0,0.0,0.0,0.0,0.0
309,16.0,10.0,33.0,113.0,53.0,45.0,9.0,4.0,0.0,12.0,6.0,11.0,1.0,2.0,0.0,1.0,0.0,2.0,0.0,0.0,0.0,0.0,0.0,0.0
310,16.0,11.0,96.0,17.0,85.0,10.0,3.0,0.0,1.0,1.0,2.0,0.0,2.0,0.0,0.0,0.0,0.0,0.0,0.0,0.0,0.0,0.0,0.0,0.0
311,16.0,12.0,58.0,28.0,89.0,13.0,7.0,2.0,0.0,1.0,1.0,2.0,5.0,0.0,0.0,0.0,0.0,0.0,0.0,0.0,0.0,0.0,0.0,0.0
312,16.0,13.0,45.0,28.0,55.0,2.0,7.0,0.0,1.0,0.0,0.0,0.0,0.0,0.0,15.0,2.0,0.0,0.0,1.0,0.0,2.0,0.0,0.0,0.0
313,16.0,14.0,42.0,36.0,56.0,18.0,6.0,0.0,0.0,4.0,0.0,1.0,0.0,0.0,0.0,2.0,0.0,0.0,0.0,0.0,0.0,0.0,0.0,0.0
314,16.0,15.0,41.0,17.0,86.0,17.0,12.0,3.0,0.0,6.0,9.0,4.0,2.0,1.0,0.0,0.0,0.0,0.0,0.0,0.0,0.0,1.0,0.0,0.0
315,16.0,16.0,86.0,15.0,56.0,14.0,11.0,0.0,0.0,1.0,1.0,7.0,0.0,0.0,0.0,0.0,0.0,0.0,0.0,0.0,0.0,0.0,0.0,0.0
316,16.0,17.0,82.0,26.0,30.0,2.0,1.0,0.0,0.0,1.0,1.0,1.0,0.0,0.0,0.0,1.0,0.0,0.0,0.0,0.0,0.0,1.0,0.0,2.0
317,16.0,18.0,54.0,31.0,46.0,9.0,7.0,6.0,0.0,7.0,8.0,2.0,10.0,1.0,1.0,0.0,0.0,0.0,0.0,0.0,0.0,0.0,0.0,0.0
318,16.0,19.0,60.0,3.0,59.0,1.0,4.0,0.0,0.0,0.0,1.0,0.0,0.0,0.0,2.0,0.0,0.0,0.0,1.0,0.0,0.0,0.0,0.0,0.0
319,16.0,20.0,56.0,29.0,47.0,19.0,2.0,9.0,0.0,4.0,9.0,2.0,11.0,0.0,0.0,0.0,0.0,0.0,0.0,0.0,0.0,2.0,0.0,0.0
320,17.0,1.0,34.0,31.0,24.0,7.0,4.0,6.0,0.0,3.0,2.0,6.0,13.0,0.0,3.0,1.0,0.0,0.0,0.0,0.0,1.0,0.0,0.0,0.0
321,17.0,2.0,48.0,26.0,66.0,11.0,7.0,3.0,0.0,2.0,4.0,11.0,1.0,0.0,0.0,0.0,0.0,0.0,0.0,1.0,1.0,2.0,0.0,0.0
322,17.0,3.0,94.0,18.0,29.0,20.0,12.0,1.0,0.0,7.0,2.0,3.0,3.0,0.0,0.0,0.0,1.0,1.0,0.0,0.0,0.0,1.0,0.0,0.0
323,17.0,4.0,72.0,22.0,36.0,50.0,15.0,4.0,0.0,9.0,4.0,10.0,0.0,1.0,0.0,2.0,0.0,0.0,0.0,0.0,0.0,1.0,0.0,0.0
324,17.0,5.0,60.0,46.0,82.0,20.0,12.0,1.0,1.0,4.0,4.0,5.0,4.0,0.0,0.0,0.0,0.0,3.0,0.0,0.0,0.0,0.0,0.0,0.0
325,17.0,6.0,113.0,26.0,32.0,14.0,11.0,1.0,0.0,7.0,3.0,9.0,3.0,0.0,0.0,0.0,0.0,0.0,0.0,0.0,2.0,2.0,0.0,0.0
326,17.0,7.0,48.0,18.0,84.0,12.0,7.0,0.0,0.0,7.0,4.0,1.0,2.0,0.0,0.0,0.0,0.0,0.0,0.0,0.0,0.0,0.0,0.0,0.0
327,17.0,8.0,82.0,39.0,32.0,26.0,9.0,3.0,0.0,6.0,3.0,14.0,9.0,0.0,0.0,0.0,0.0,1.0,0.0,0.0,0.0,0.0,0.0,0.0
328,17.0,9.0,61.0,51.0,99.0,19.0,10.0,3.0,0.0,8.0,6.0,3.0,7.0,0.0,0.0,0.0,0.0,0.0,0.0,0.0,1.0,0.0,0.0,0.0
329,17.0,10.0,58.0,31.0,38.0,38.0,18.0,4.0,0.0,13.0,5.0,7.0,10.0,0.0,0.0,0.0,0.0,0.0,0.0,0.0,1.0,1.0,0.0,0.0
330,17.0,11.0,100.0,33.0,46.0,15.0,7.0,4.0,0.0,8.0,6.0,4.0,5.0,0.0,0.0,0.0,0.0,0.0,0.0,0.0,0.0,0.0,0.0,0.0
331,17.0,12.0,115.0,20.0,27.0,7.0,7.0,15.0,0.0,6.0,7.0,8.0,12.0,0.0,0.0,0.0,0.0,0.0,1.0,0.0,0.0,0.0,0.0,0.0
332,17.0,13.0,76.0,36.0,36.0,12.0,12.0,5.0,0.0,7.0,5.0,7.0,15.0,0.0,0.0,2.0,0.0,0.0,0.0,0.0,0.0,1.0,0.0,0.0
333,17.0,14.0,11.0,34.0,58.0,30.0,15.0,32.0,0.0,7.0,14.0,9.0,36.0,0.0,0.0,0.0,0.0,0.0,0.0,0.0,0.0,3.0,0.0,0.0
334,17.0,15.0,81.0,31.0,58.0,25.0,12.0,9.0,1.0,9.0,6.0,3.0,10.0,0.0,0.0,0.0,0.0,0.0,0.0,0.0,0.0,1.0,0.0,0.0
335,17.0,16.0,103.0,18.0,52.0,18.0,9.0,0.0,0.0,8.0,3.0,5.0,1.0,0.0,0.0,0.0,0.0,0.0,0.0,0.0,0.0,0.0,0.0,0.0
336,17.0,17.0,45.0,54.0,60.0,44.0,12.0,5.0,0.0,11.0,18.0,14.0,16.0,0.0,0.0,2.0,1.0,0.0,0.0,0.0,0.0,4.0,0.0,0.0
337,17.0,18.0,61.0,51.0,73.0,33.0,14.0,6.0,0.0,6.0,5.0,5.0,9.0,0.0,0.0,4.0,0.0,0.0,0.0,0.0,1.0,4.0,0.0,0.0
338,17.0,19.0,63.0,43.0,63.0,16.0,4.0,18.0,0.0,5.0,7.0,2.0,12.0,0.0,0.0,1.0,0.0,1.0,0.0,0.0,0.0,0.0,0.0,0.0
339,17.0,20.0,57.0,30.0,24.0,20.0,8.0,7.0,0.0,6.0,6.0,3.0,12.0,0.0,0.0,0.0,0.0,0.0,0.0,0.0,0.0,1.0,0.0,0.0
340,18.0,1.0,89.0,47.0,70.0,20.0,5.0,0.0,0.0,1.0,0.0,4.0,2.0,0.0,0.0,0.0,0.0,0.0,0.0,0.0,1.0,0.0,0.0,0.0
341,18.0,2.0,62.0,39.0,76.0,19.0,12.0,2.0,0.0,5.0,7.0,5.0,1.0,0.0,0.0,0.0,0.0,0.0,0.0,0.0,1.0,5.0,0.0,0.0
342,18.0,3.0,79.0,41.0,52.0,17.0,2.0,2.0,0.0,4.0,4.0,5.0,2.0,0.0,0.0,0.0,0.0,2.0,0.0,0.0,0.0,4.0,0.0,0.0
343,18.0,4.0,102.0,39.0,42.0,21.0,10.0,1.0,0.0,2.0,3.0,2.0,7.0,0.0,0.0,0.0,0.0,0.0,0.0,0.0,0.0,2.0,0.0,0.0
344,18.0,5.0,75.0,55.0,29.0,39.0,6.0,0.0,0.0,2.0,2.0,0.0,0.0,0.0,0.0,0.0,1.0,0.0,0.0,0.0,0.0,0.0,0.0,0.0
345,18.0,6.0,74.0,63.0,46.0,63.0,9.0,0.0,0.0,5.0,6.0,12.0,0.0,1.0,0.0,7.0,0.0,1.0,0.0,0.0,0.0,6.0,0.0,0.0
346,18.0,7.0,82.0,36.0,27.0,35.0,12.0,2.0,1.0,7.0,8.0,6.0,3.0,1.0,0.0,1.0,2.0,0.0,0.0,0.0,2.0,2.0,0.0,0.0
347,18.0,8.0,85.0,10.0,54.0,37.0,18.0,0.0,0.0,3.0,4.0,2.0,0.0,0.0,0.0,0.0,1.0,0.0,0.0,0.0,0.0,0.0,0.0,0.0
348,18.0,9.0,78.0,36.0,35.0,46.0,16.0,2.0,0.0,6.0,10.0,4.0,7.0,3.0,0.0,1.0,1.0,1.0,0.0,0.0,1.0,1.0,1.0,0.0
349,18.0,10.0,69.0,42.0,20.0,49.0,3.0,3.0,0.0,6.0,19.0,5.0,11.0,0.0,0.0,5.0,0.0,2.0,0.0,0.0,0.0,8.0,0.0,0.0
350,18.0,11.0,26.0,69.0,37.0,74.0,18.0,3.0,1.0,8.0,17.0,26.0,13.0,3.0,0.0,5.0,1.0,2.0,0.0,0.0,0.0,9.0,0.0,0.0
351,18.0,12.0,61.0,26.0,45.0,53.0,25.0,2.0,0.0,4.0,6.0,8.0,8.0,0.0,0.0,2.0,2.0,1.0,0.0,0.0,1.0,2.0,0.0,0.0
352,18.0,13.0,48.0,43.0,77.0,40.0,6.0,13.0,1.0,5.0,7.0,7.0,24.0,0.0,1.0,2.0,1.0,0.0,0.0,0.0,0.0,9.0,0.0,0.0
353,18.0,14.0,41.0,75.0,42.0,60.0,8.0,4.0,0.0,9.0,3.0,9.0,16.0,0.0,2.0,3.0,0.0,2.0,0.0,0.0,2.0,6.0,0.0,0.0
354,18.0,15.0,15.0,87.0,33.0,70.0,4.0,13.0,0.0,8.0,17.0,16.0,17.0,2.0,0.0,3.0,1.0,1.0,1.0,0.0,1.0,6.0,0.0,0.0
355,18.0,16.0,46.0,28.0,46.0,56.0,15.0,4.0,0.0,3.0,11.0,4.0,5.0,1.0,0.0,0.0,2.0,1.0,0.0,0.0,0.0,3.0,0.0,0.0
356,18.0,17.0,30.0,61.0,48.0,56.0,6.0,1.0,0.0,5.0,5.0,16.0,19.0,0.0,1.0,2.0,3.0,1.0,0.0,0.0,0.0,4.0,0.0,0.0
357,18.0,18.0,78.0,30.0,33.0,23.0,4.0,6.0,1.0,6.0,6.0,1.0,22.0,0.0,0.0,0.0,0.0,0.0,0.0,0.0,0.0,1.0,0.0,0.0
358,18.0,19.0,55.0,72.0,26.0,40.0,6.0,0.0,0.0,3.0,8.0,13.0,8.0,1.0,0.0,0.0,0.0,0.0,0.0,0.0,1.0,2.0,0.0,0.0
359,18.0,20.0,36.0,37.0,38.0,48.0,13.0,18.0,0.0,5.0,13.0,5.0,19.0,0.0,0.0,1.0,0.0,0.0,0.0,0.0,0.0,3.0,0.0,0.0
360,19.0,1.0,80.0,47.0,19.0,39.0,2.0,18.0,0.0,5.0,3.0,6.0,26.0,0.0,0.0,0.0,0.0,1.0,0.0,0.0,0.0,8.0,0.0,0.0
361,19.0,2.0,98.0,54.0,34.0,36.0,1.0,5.0,0.0,4.0,3.0,5.0,15.0,0.0,0.0,0.0,0.0,0.0,1.0,0.0,0.0,3.0,0.0,0.0
362,19.0,3.0,86.0,12.0,65.0,33.0,27.0,1.0,1.0,3.0,10.0,2.0,19.0,0.0,0.0,0.0,1.0,0.0,0.0,0.0,0.0,5.0,0.0,0.0
363,19.0,4.0,51.0,34.0,56.0,62.0,23.0,1.0,0.0,4.0,7.0,7.0,7.0,0.0,0.0,0.0,0.0,0.0,0.0,0.0,1.0,2.0,0.0,0.0
364,19.0,5.0,69.0,31.0,47.0,33.0,3.0,11.0,0.0,5.0,9.0,10.0,25.0,0.0,0.0,1.0,0.0,0.0,0.0,0.0,0.0,3.0,0.0,0.0
365,19.0,6.0,90.0,17.0,36.0,31.0,6.0,11.0,0.0,2.0,10.0,7.0,37.0,0.0,0.0,0.0,0.0,0.0,0.0,0.0,0.0,2.0,0.0,0.0
366,19.0,7.0,78.0,52.0,27.0,46.0,4.0,8.0,1.0,3.0,2.0,8.0,8.0,0.0,0.0,0.0,0.0,1.0,0.0,0.0,0.0,2.0,0.0,0.0
367,19.0,8.0,81.0,63.0,38.0,49.0,5.0,7.0,0.0,3.0,3.0,9.0,12.0,0.0,0.0,0.0,0.0,0.0,0.0,0.0,0.0,7.0,0.0,0.0
368,19.0,9.0,76.0,50.0,36.0,19.0,3.0,3.0,0.0,1.0,3.0,0.0,7.0,0.0,1.0,0.0,0.0,1.0,1.0,0.0,0.0,1.0,0.0,0.0
369,19.0,10.0,69.0,45.0,35.0,18.0,5.0,16.0,1.0,7.0,2.0,4.0,18.0,0.0,3.0,0.0,0.0,0.0,0.0,0.0,1.0,3.0,1.0,0.0
370,19.0,11.0,88.0,35.0,14.0,17.0,4.0,4.0,0.0,4.0,3.0,0.0,8.0,0.0,0.0,0.0,0.0,0.0,0.0,0.0,0.0,1.0,0.0,0.0
371,19.0,12.0,95.0,73.0,18.0,25.0,7.0,0.0,0.0,3.0,0.0,6.0,6.0,0.0,0.0,0.0,0.0,0.0,0.0,0.0,0.0,0.0,0.0,0.0
372,19.0,13.0,93.0,51.0,43.0,21.0,1.0,6.0,0.0,2.0,0.0,0.0,2.0,0.0,0.0,1.0,0.0,0.0,0.0,0.0,0.0,2.0,0.0,0.0
373,19.0,14.0,154.0,0.0,11.0,1.0,6.0,0.0,0.0,0.0,0.0,0.0,2.0,0.0,1.0,0.0,0.0,0.0,0.0,0.0,0.0,0.0,0.0,0.0
374,19.0,15.0,142.0,6.0,16.0,5.0,0.0,1.0,0.0,0.0,0.0,1.0,1.0,0.0,0.0,0.0,0.0,0.0,0.0,0.0,0.0,0.0,0.0,0.0
375,19.0,16.0,83.0,37.0,20.0,33.0,7.0,3.0,0.0,4.0,4.0,8.0,7.0,0.0,0.0,0.0,0.0,1.0,0.0,0.0,0.0,4.0,0.0,0.0
376,19.0,17.0,99.0,6.0,39.0,6.0,4.0,4.0,0.0,2.0,2.0,3.0,7.0,0.0,0.0,0.0,0.0,0.0,0.0,0.0,0.0,1.0,0.0,0.0
377,19.0,18.0,106.0,54.0,13.0,13.0,1.0,1.0,0.0,1.0,4.0,2.0,7.0,0.0,0.0,1.0,0.0,0.0,0.0,0.0,0.0,1.0,0.0,0.0
378,19.0,19.0,88.0,31.0,34.0,26.0,3.0,2.0,0.0,3.0,0.0,6.0,6.0,0.0,0.0,0.0,0.0,0.0,0.0,0.0,0.0,0.0,0.0,0.0
379,19.0,20.0,125.0,13.0,27.0,12.0,5.0,0.0,0.0,1.0,1.0,1.0,2.0,0.0,0.0,0.0,0.0,0.0,0.0,0.0,1.0,1.0,0.0,0.0
380,20.0,1.0,66.0,57.0,36.0,56.0,3.0,7.0,0.0,8.0,12.0,11.0,8.0,0.0,0.0,1.0,0.0,0.0,0.0,0.0,0.0,3.0,0.0,0.0
381,20.0,2.0,45.0,93.0,71.0,26.0,11.0,0.0,0.0,1.0,2.0,2.0,0.0,0.0,0.0,0.0,0.0,1.0,0.0,0.0,0.0,0.0,0.0,0.0
382,20.0,3.0,60.0,42.0,36.0,41.0,7.0,11.0,1.0,6.0,9.0,5.0,12.0,0.0,0.0,0.0,0.0,1.0,0.0,0.0,1.0,2.0,0.0,0.0
383,20.0,4.0,124.0,19.0,23.0,11.0,4.0,7.0,0.0,1.0,3.0,3.0,14.0,0.0,0.0,0.0,0.0,0.0,0.0,0.0,0.0,0.0,0.0,0.0
384,20.0,5.0,81.0,14.0,50.0,29.0,13.0,0.0,0.0,2.0,5.0,4.0,2.0,0.0,0.0,0.0,0.0,0.0,0.0,0.0,0.0,1.0,0.0,0.0
385,20.0,6.0,70.0,42.0,68.0,24.0,10.0,5.0,0.0,2.0,1.0,1.0,11.0,0.0,0.0,0.0,0.0,0.0,0.0,0.0,0.0,2.0,0.0,0.0
386,20.0,7.0,87.0,11.0,42.0,64.0,46.0,0.0,0.0,5.0,2.0,5.0,1.0,0.0,0.0,1.0,1.0,0.0,0.0,0.0,0.0,1.0,0.0,0.0
387,20.0,8.0,63.0,21.0,36.0,45.0,22.0,0.0,0.0,4.0,7.0,5.0,0.0,0.0,0.0,0.0,0.0,0.0,0.0,0.0,1.0,5.0,1.0,1.0
388,20.0,9.0,97.0,17.0,50.0,28.0,9.0,1.0,0.0,5.0,7.0,2.0,2.0,1.0,0.0,0.0,0.0,0.0,0.0,0.0,0.0,6.0,0.0,0.0
389,20.0,10.0,111.0,27.0,47.0,39.0,7.0,1.0,0.0,4.0,3.0,4.0,6.0,0.0,0.0,0.0,0.0,0.0,0.0,0.0,1.0,6.0,0.0,0.0
390,20.0,11.0,95.0,57.0,29.0,23.0,6.0,2.0,0.0,8.0,3.0,6.0,12.0,0.0,0.0,2.0,0.0,1.0,0.0,0.0,1.0,3.0,0.0,0.0
391,20.0,12.0,0.0,11.0,11.0,16.0,0.0,0.0,1.0,1.0,0.0,4.0,4.0,0.0,1.0,0.0,0.0,0.0,0.0,0.0,1.0,3.0,0.0,2.0
392,20.0,13.0,52.0,35.0,58.0,41.0,14.0,0.0,0.0,2.0,0.0,0.0,6.0,0.0,0.0,1.0,0.0,0.0,0.0,0.0,0.0,4.0,0.0,0.0
393,20.0,14.0,83.0,35.0,71.0,24.0,9.0,3.0,0.0,9.0,4.0,3.0,3.0,1.0,0.0,1.0,0.0,1.0,0.0,0.0,0.0,8.0,0.0,0.0
394,20.0,15.0,41.0,27.0,25.0,26.0,4.0,3.0,0.0,0.0,2.0,2.0,2.0,0.0,0.0,0.0,1.0,0.0,0.0,0.0,0.0,1.0,0.0,0.0
395,20.0,16.0,0.0,0.0,0.0,0.0,0.0,0.0,0.0,0.0,0.0,0.0,0.0,0.0,0.0,0.0,0.0,0.0,0.0,0.0,0.0,0.0,0.0,0.0
396,20.0,17.0,30.0,40.0,48.0,26.0,4.0,7.0,0.0,7.0,4.0,6.0,13.0,0.0,0.0,0.0,0.0,1.0,0.0,0.0,0.0,4.0,0.0,0.0
397,20.0,18.0,112.0,37.0,40.0,30.0,10.0,5.0,0.0,4.0,9.0,8.0,7.0,0.0,0.0,0.0,1.0,0.0,0.0,1.0,0.0,9.0,0.0,0.0
398,20.0,19.0,26.0,33.0,30.0,13.0,6.0,10.0,0.0,5.0,4.0,8.0,12.0,0.0,0.0,0.0,0.0,0.0,1.0,0.0,1.0,4.0,0.0,0.0
399,20.0,20.0,0.0,0.0,0.0,0.0,0.0,0.0,0.0,0.0,0.0,0.0,0.0,0.0,0.0,0.0,0.0,0.0,0.0,0.0,0.0,0.0,0.0,0.0
