,fov,spot_id,Ascending.vasa.recta.endothelium,B-cell,Connecting.tubule,Descending.vasa.recta.endothelium,Distinct.proximal.tubule.1,Distinct.proximal.tubule.2,Epithelial.progenitor.cell,Fibroblast,Glomerular.endothelium,Indistinct.intercalated.cell,MNP.a.classical.monocyte.derived,MNP.b.non.classical.monocyte.derived,MNP.c.dendritic.cell,Myofibroblast,NK,Pelvic.epithelium,Peritubular.capillary.endothelium.1,Peritubular.capillary.endothelium.2,Podocyte,Principal.cell,Proliferating.Proximal.Tubule,Proximal.tubule,T CD4 memory,T CD4 naive,T CD8 memory,T CD8 naive,Thick.ascending.limb.of.Loop.of.Henle,Transitional.urothelium,Treg,Type.A.intercalated.cell,Type.B.intercalated.cell,mDC,macrophage,mast,monocyte,neutrophil,pDC,plasmablast
0,14.0,1.0,17.0,3.0,1.0,10.0,31.0,2.0,3.0,42.0,1.0,0.0,0.0,1.0,15.0,19.0,0.0,0.0,4.0,2.0,5.0,4.0,0.0,0.0,0.0,1.0,1.0,1.0,0.0,0.0,1.0,0.0,0.0,3.0,3.0,0.0,0.0,0.0,1.0,4.0
1,14.0,2.0,5.0,0.0,0.0,1.0,4.0,0.0,3.0,10.0,0.0,0.0,0.0,1.0,2.0,23.0,0.0,2.0,0.0,1.0,1.0,1.0,0.0,0.0,0.0,0.0,0.0,0.0,0.0,0.0,0.0,0.0,0.0,0.0,1.0,1.0,0.0,0.0,0.0,2.0
2,14.0,3.0,1.0,1.0,1.0,1.0,1.0,0.0,0.0,7.0,0.0,0.0,0.0,0.0,0.0,11.0,0.0,4.0,1.0,1.0,0.0,1.0,0.0,0.0,0.0,0.0,0.0,0.0,0.0,0.0,0.0,0.0,0.0,0.0,0.0,0.0,0.0,0.0,0.0,0.0
3,14.0,4.0,0.0,0.0,5.0,1.0,2.0,2.0,2.0,3.0,0.0,0.0,0.0,0.0,0.0,4.0,0.0,0.0,1.0,0.0,0.0,6.0,4.0,2.0,0.0,0.0,0.0,0.0,1.0,0.0,0.0,3.0,0.0,1.0,1.0,0.0,0.0,0.0,0.0,0.0
4,14.0,5.0,22.0,1.0,0.0,2.0,29.0,6.0,13.0,25.0,3.0,0.0,0.0,2.0,9.0,35.0,0.0,0.0,5.0,8.0,6.0,3.0,3.0,2.0,1.0,0.0,1.0,0.0,1.0,0.0,1.0,1.0,0.0,3.0,4.0,0.0,0.0,0.0,1.0,2.0
5,14.0,6.0,6.0,0.0,3.0,6.0,10.0,10.0,10.0,25.0,1.0,0.0,0.0,0.0,2.0,27.0,0.0,0.0,6.0,4.0,2.0,3.0,4.0,2.0,0.0,0.0,0.0,0.0,0.0,0.0,0.0,3.0,1.0,0.0,1.0,0.0,0.0,0.0,0.0,0.0
6,14.0,7.0,7.0,0.0,2.0,3.0,6.0,0.0,0.0,19.0,1.0,0.0,0.0,0.0,1.0,25.0,1.0,2.0,0.0,0.0,1.0,3.0,1.0,0.0,0.0,0.0,0.0,0.0,0.0,0.0,0.0,4.0,0.0,0.0,1.0,0.0,0.0,0.0,0.0,0.0
7,14.0,8.0,0.0,0.0,0.0,0.0,0.0,0.0,1.0,2.0,0.0,0.0,0.0,0.0,0.0,0.0,0.0,0.0,0.0,0.0,0.0,0.0,0.0,0.0,0.0,0.0,0.0,0.0,0.0,0.0,0.0,0.0,0.0,0.0,0.0,0.0,0.0,0.0,0.0,1.0
8,14.0,9.0,12.0,0.0,0.0,5.0,8.0,1.0,0.0,11.0,16.0,0.0,1.0,1.0,4.0,36.0,0.0,0.0,8.0,10.0,7.0,2.0,0.0,0.0,0.0,0.0,0.0,0.0,0.0,0.0,0.0,1.0,0.0,0.0,2.0,0.0,0.0,0.0,0.0,0.0
9,14.0,10.0,4.0,0.0,3.0,0.0,12.0,14.0,2.0,13.0,4.0,0.0,0.0,1.0,2.0,16.0,0.0,1.0,6.0,1.0,4.0,1.0,7.0,16.0,0.0,0.0,0.0,0.0,0.0,0.0,0.0,1.0,0.0,0.0,2.0,0.0,0.0,0.0,0.0,0.0
10,14.0,11.0,12.0,0.0,4.0,15.0,19.0,7.0,37.0,17.0,5.0,0.0,1.0,2.0,13.0,9.0,0.0,3.0,6.0,0.0,6.0,5.0,3.0,8.0,0.0,0.0,0.0,0.0,4.0,0.0,0.0,2.0,0.0,0.0,8.0,0.0,0.0,0.0,0.0,1.0
11,14.0,12.0,10.0,1.0,4.0,5.0,14.0,1.0,24.0,6.0,1.0,0.0,0.0,0.0,1.0,3.0,0.0,0.0,5.0,2.0,1.0,5.0,0.0,0.0,0.0,0.0,0.0,0.0,5.0,0.0,1.0,3.0,1.0,0.0,2.0,0.0,0.0,0.0,0.0,4.0
12,14.0,13.0,0.0,0.0,0.0,2.0,5.0,3.0,0.0,0.0,0.0,0.0,1.0,0.0,0.0,1.0,0.0,0.0,0.0,1.0,2.0,0.0,2.0,4.0,0.0,0.0,0.0,0.0,1.0,0.0,0.0,1.0,0.0,0.0,0.0,0.0,0.0,0.0,0.0,0.0
13,14.0,14.0,7.0,2.0,1.0,2.0,7.0,3.0,11.0,8.0,3.0,0.0,0.0,1.0,5.0,7.0,0.0,4.0,3.0,0.0,3.0,3.0,5.0,1.0,0.0,0.0,0.0,0.0,2.0,0.0,1.0,1.0,2.0,0.0,3.0,0.0,0.0,0.0,0.0,3.0
14,14.0,15.0,4.0,4.0,9.0,3.0,9.0,2.0,13.0,9.0,0.0,0.0,1.0,2.0,8.0,2.0,0.0,0.0,1.0,0.0,4.0,13.0,1.0,0.0,0.0,0.0,4.0,0.0,1.0,0.0,3.0,2.0,3.0,1.0,4.0,0.0,0.0,0.0,1.0,9.0
15,14.0,16.0,4.0,0.0,4.0,2.0,18.0,10.0,12.0,6.0,1.0,0.0,1.0,0.0,2.0,6.0,0.0,2.0,3.0,1.0,2.0,1.0,2.0,2.0,0.0,0.0,1.0,0.0,16.0,0.0,0.0,2.0,0.0,0.0,2.0,0.0,0.0,0.0,0.0,1.0
16,14.0,17.0,0.0,0.0,0.0,0.0,0.0,0.0,0.0,0.0,0.0,0.0,0.0,0.0,0.0,0.0,0.0,0.0,0.0,0.0,0.0,0.0,0.0,0.0,0.0,0.0,0.0,0.0,0.0,0.0,0.0,0.0,0.0,0.0,0.0,0.0,0.0,0.0,0.0,0.0
17,14.0,18.0,2.0,1.0,1.0,0.0,3.0,1.0,0.0,2.0,0.0,1.0,1.0,0.0,1.0,3.0,0.0,1.0,1.0,0.0,2.0,1.0,1.0,0.0,0.0,0.0,0.0,0.0,0.0,0.0,0.0,1.0,0.0,1.0,0.0,0.0,0.0,0.0,0.0,1.0
18,14.0,19.0,4.0,1.0,0.0,1.0,17.0,12.0,6.0,3.0,2.0,0.0,1.0,0.0,7.0,6.0,0.0,1.0,3.0,1.0,4.0,4.0,6.0,10.0,0.0,0.0,1.0,0.0,2.0,0.0,0.0,0.0,0.0,0.0,4.0,0.0,0.0,0.0,0.0,0.0
19,14.0,20.0,3.0,0.0,3.0,8.0,9.0,7.0,3.0,7.0,0.0,0.0,0.0,0.0,6.0,13.0,0.0,2.0,3.0,3.0,5.0,11.0,5.0,4.0,0.0,0.0,0.0,0.0,1.0,0.0,0.0,4.0,0.0,0.0,5.0,1.0,0.0,0.0,0.0,0.0
20,15.0,1.0,5.0,1.0,9.0,2.0,19.0,10.0,4.0,14.0,5.0,0.0,0.0,0.0,2.0,17.0,0.0,0.0,6.0,0.0,7.0,2.0,7.0,39.0,0.0,0.0,0.0,0.0,0.0,0.0,0.0,0.0,0.0,0.0,2.0,0.0,0.0,0.0,0.0,2.0
21,15.0,2.0,20.0,1.0,0.0,4.0,54.0,9.0,1.0,33.0,0.0,0.0,0.0,0.0,10.0,19.0,0.0,0.0,4.0,0.0,2.0,0.0,0.0,29.0,0.0,0.0,0.0,0.0,0.0,0.0,0.0,0.0,0.0,1.0,0.0,0.0,0.0,0.0,0.0,0.0
22,15.0,3.0,36.0,0.0,0.0,18.0,31.0,1.0,1.0,49.0,11.0,0.0,0.0,2.0,16.0,16.0,1.0,0.0,8.0,1.0,10.0,0.0,0.0,0.0,5.0,0.0,2.0,1.0,0.0,0.0,1.0,0.0,0.0,0.0,1.0,0.0,0.0,0.0,0.0,1.0
23,15.0,4.0,6.0,1.0,1.0,1.0,11.0,3.0,1.0,5.0,7.0,0.0,0.0,0.0,7.0,6.0,0.0,0.0,3.0,2.0,6.0,0.0,1.0,0.0,0.0,1.0,2.0,0.0,0.0,0.0,1.0,0.0,0.0,0.0,1.0,0.0,0.0,0.0,0.0,2.0
24,15.0,5.0,14.0,0.0,0.0,5.0,24.0,18.0,2.0,9.0,7.0,0.0,1.0,1.0,4.0,25.0,0.0,1.0,10.0,5.0,13.0,0.0,16.0,21.0,0.0,0.0,1.0,0.0,0.0,0.0,0.0,0.0,0.0,1.0,1.0,0.0,0.0,0.0,0.0,1.0
25,15.0,6.0,6.0,0.0,2.0,4.0,31.0,9.0,4.0,20.0,0.0,0.0,0.0,0.0,4.0,10.0,0.0,3.0,4.0,2.0,2.0,1.0,8.0,29.0,0.0,0.0,1.0,0.0,0.0,0.0,0.0,1.0,0.0,0.0,1.0,0.0,0.0,0.0,1.0,0.0
26,15.0,7.0,17.0,1.0,0.0,13.0,23.0,2.0,13.0,32.0,15.0,0.0,0.0,0.0,8.0,18.0,1.0,2.0,11.0,1.0,9.0,1.0,0.0,2.0,1.0,0.0,0.0,0.0,0.0,0.0,0.0,1.0,0.0,0.0,1.0,0.0,0.0,0.0,0.0,1.0
27,15.0,8.0,22.0,0.0,1.0,14.0,20.0,1.0,18.0,56.0,1.0,0.0,0.0,1.0,24.0,63.0,0.0,0.0,7.0,1.0,5.0,4.0,0.0,0.0,1.0,0.0,1.0,0.0,0.0,0.0,1.0,0.0,0.0,1.0,2.0,1.0,0.0,0.0,0.0,5.0
28,15.0,9.0,10.0,0.0,11.0,2.0,12.0,15.0,7.0,11.0,0.0,0.0,0.0,0.0,4.0,17.0,0.0,0.0,10.0,1.0,0.0,2.0,26.0,28.0,0.0,0.0,0.0,0.0,0.0,0.0,0.0,3.0,0.0,0.0,0.0,0.0,0.0,0.0,0.0,0.0
29,15.0,10.0,17.0,0.0,7.0,6.0,10.0,1.0,31.0,24.0,0.0,0.0,0.0,1.0,3.0,30.0,0.0,2.0,4.0,5.0,2.0,4.0,2.0,1.0,0.0,0.0,0.0,0.0,0.0,0.0,1.0,2.0,0.0,0.0,5.0,0.0,0.0,0.0,0.0,1.0
30,15.0,11.0,11.0,0.0,0.0,3.0,5.0,0.0,1.0,41.0,1.0,0.0,0.0,1.0,5.0,21.0,0.0,0.0,0.0,3.0,0.0,1.0,0.0,0.0,0.0,0.0,0.0,0.0,0.0,0.0,0.0,0.0,0.0,0.0,0.0,0.0,0.0,0.0,0.0,0.0
31,15.0,12.0,25.0,0.0,1.0,6.0,30.0,2.0,15.0,46.0,0.0,0.0,1.0,0.0,19.0,36.0,0.0,0.0,1.0,0.0,3.0,7.0,0.0,0.0,0.0,0.0,1.0,0.0,0.0,0.0,0.0,2.0,0.0,0.0,10.0,0.0,0.0,0.0,1.0,6.0
32,15.0,13.0,0.0,0.0,0.0,0.0,2.0,0.0,0.0,0.0,1.0,0.0,0.0,0.0,1.0,0.0,0.0,0.0,0.0,0.0,1.0,0.0,2.0,0.0,0.0,0.0,0.0,0.0,0.0,0.0,0.0,0.0,0.0,0.0,0.0,0.0,0.0,0.0,0.0,0.0
33,15.0,14.0,1.0,1.0,10.0,1.0,2.0,1.0,5.0,2.0,0.0,0.0,1.0,0.0,1.0,8.0,0.0,2.0,2.0,1.0,0.0,3.0,10.0,0.0,0.0,0.0,0.0,0.0,0.0,0.0,1.0,1.0,0.0,0.0,0.0,0.0,0.0,0.0,0.0,0.0
34,15.0,15.0,6.0,0.0,1.0,6.0,19.0,1.0,2.0,29.0,5.0,0.0,0.0,2.0,0.0,27.0,0.0,1.0,2.0,3.0,2.0,2.0,0.0,0.0,0.0,0.0,0.0,0.0,0.0,0.0,0.0,0.0,0.0,0.0,0.0,0.0,0.0,1.0,0.0,0.0
35,15.0,16.0,29.0,5.0,2.0,5.0,60.0,7.0,23.0,27.0,1.0,0.0,0.0,4.0,30.0,16.0,0.0,2.0,2.0,0.0,7.0,10.0,10.0,0.0,5.0,0.0,2.0,0.0,1.0,0.0,3.0,0.0,1.0,1.0,3.0,2.0,0.0,0.0,1.0,16.0
36,15.0,17.0,0.0,0.0,0.0,0.0,0.0,0.0,0.0,0.0,0.0,0.0,0.0,0.0,0.0,0.0,0.0,0.0,0.0,0.0,0.0,0.0,0.0,0.0,0.0,0.0,0.0,0.0,0.0,0.0,0.0,0.0,0.0,0.0,0.0,0.0,0.0,0.0,0.0,0.0
37,15.0,18.0,0.0,0.0,0.0,0.0,0.0,0.0,0.0,0.0,0.0,0.0,0.0,0.0,0.0,0.0,0.0,0.0,0.0,0.0,0.0,0.0,0.0,0.0,0.0,0.0,0.0,0.0,0.0,0.0,0.0,0.0,0.0,0.0,0.0,0.0,0.0,0.0,0.0,0.0
38,15.0,19.0,0.0,0.0,0.0,1.0,3.0,1.0,1.0,0.0,0.0,0.0,0.0,0.0,1.0,0.0,0.0,1.0,0.0,1.0,0.0,0.0,2.0,0.0,0.0,0.0,0.0,0.0,1.0,0.0,0.0,0.0,0.0,0.0,0.0,0.0,0.0,0.0,0.0,3.0
39,15.0,20.0,17.0,0.0,2.0,5.0,12.0,2.0,6.0,7.0,12.0,0.0,1.0,2.0,3.0,13.0,0.0,1.0,9.0,2.0,4.0,10.0,7.0,0.0,0.0,0.0,1.0,0.0,1.0,0.0,0.0,0.0,0.0,0.0,1.0,1.0,0.0,0.0,0.0,1.0
40,16.0,1.0,8.0,0.0,0.0,3.0,23.0,13.0,0.0,8.0,14.0,0.0,0.0,1.0,8.0,22.0,0.0,0.0,9.0,4.0,7.0,0.0,28.0,58.0,0.0,0.0,0.0,0.0,0.0,0.0,0.0,0.0,0.0,0.0,1.0,1.0,0.0,0.0,0.0,0.0
41,16.0,2.0,15.0,0.0,17.0,4.0,8.0,7.0,2.0,12.0,1.0,0.0,0.0,0.0,4.0,15.0,0.0,6.0,4.0,1.0,1.0,6.0,9.0,14.0,0.0,0.0,0.0,0.0,1.0,0.0,0.0,12.0,0.0,0.0,1.0,0.0,0.0,0.0,0.0,1.0
42,16.0,3.0,10.0,0.0,3.0,1.0,6.0,5.0,3.0,7.0,0.0,0.0,0.0,0.0,0.0,9.0,0.0,1.0,2.0,1.0,0.0,4.0,7.0,16.0,0.0,0.0,0.0,0.0,1.0,0.0,0.0,5.0,0.0,1.0,1.0,0.0,0.0,0.0,0.0,0.0
43,16.0,4.0,0.0,0.0,0.0,0.0,0.0,0.0,0.0,0.0,0.0,0.0,0.0,0.0,1.0,0.0,0.0,0.0,0.0,0.0,0.0,0.0,0.0,4.0,0.0,0.0,0.0,0.0,0.0,0.0,0.0,0.0,0.0,0.0,0.0,0.0,0.0,0.0,0.0,0.0
44,16.0,5.0,17.0,0.0,8.0,7.0,16.0,7.0,4.0,12.0,10.0,0.0,0.0,1.0,8.0,41.0,0.0,0.0,17.0,0.0,19.0,3.0,16.0,21.0,0.0,0.0,0.0,0.0,2.0,0.0,0.0,3.0,0.0,1.0,1.0,0.0,0.0,0.0,0.0,0.0
45,16.0,6.0,18.0,0.0,30.0,5.0,7.0,6.0,3.0,13.0,0.0,0.0,0.0,1.0,4.0,49.0,0.0,0.0,5.0,8.0,0.0,5.0,12.0,23.0,0.0,0.0,0.0,0.0,1.0,0.0,0.0,12.0,0.0,0.0,1.0,0.0,0.0,0.0,0.0,0.0
46,16.0,7.0,15.0,0.0,3.0,10.0,28.0,4.0,1.0,22.0,8.0,0.0,1.0,1.0,11.0,81.0,0.0,0.0,15.0,4.0,3.0,1.0,7.0,14.0,0.0,0.0,0.0,0.0,1.0,0.0,0.0,1.0,0.0,0.0,3.0,0.0,0.0,0.0,0.0,0.0
47,16.0,8.0,18.0,0.0,12.0,7.0,29.0,12.0,2.0,16.0,2.0,0.0,2.0,1.0,8.0,23.0,0.0,3.0,13.0,0.0,3.0,3.0,9.0,18.0,0.0,0.0,0.0,0.0,1.0,0.0,0.0,7.0,0.0,1.0,1.0,0.0,0.0,0.0,0.0,2.0
48,16.0,9.0,7.0,0.0,3.0,3.0,19.0,23.0,4.0,12.0,0.0,0.0,0.0,0.0,1.0,20.0,0.0,0.0,12.0,1.0,1.0,0.0,38.0,47.0,0.0,0.0,0.0,0.0,2.0,0.0,0.0,1.0,0.0,0.0,1.0,0.0,0.0,0.0,0.0,0.0
49,16.0,10.0,7.0,0.0,21.0,5.0,6.0,14.0,3.0,4.0,1.0,0.0,0.0,1.0,2.0,38.0,0.0,0.0,14.0,2.0,0.0,0.0,22.0,39.0,0.0,0.0,0.0,0.0,7.0,0.0,0.0,5.0,0.0,0.0,1.0,0.0,0.0,0.0,0.0,0.0
50,16.0,11.0,5.0,0.0,20.0,0.0,9.0,8.0,5.0,11.0,1.0,0.0,0.0,0.0,1.0,15.0,0.0,0.0,14.0,0.0,1.0,1.0,27.0,65.0,0.0,0.0,0.0,0.0,1.0,0.0,0.0,8.0,0.0,0.0,0.0,0.0,0.0,0.0,0.0,0.0
51,16.0,12.0,12.0,0.0,15.0,3.0,13.0,8.0,2.0,16.0,3.0,0.0,0.0,0.0,5.0,21.0,0.0,0.0,14.0,0.0,3.0,0.0,9.0,44.0,0.0,0.0,0.0,0.0,0.0,0.0,0.0,7.0,0.0,0.0,3.0,0.0,0.0,0.0,0.0,0.0
52,16.0,13.0,8.0,0.0,9.0,1.0,8.0,19.0,2.0,15.0,0.0,0.0,0.0,2.0,3.0,15.0,0.0,0.0,7.0,2.0,2.0,0.0,22.0,83.0,0.0,0.0,0.0,0.0,0.0,0.0,0.0,9.0,0.0,0.0,0.0,0.0,0.0,0.0,0.0,1.0
53,16.0,14.0,8.0,0.0,20.0,2.0,28.0,28.0,6.0,7.0,0.0,0.0,1.0,1.0,3.0,14.0,0.0,0.0,9.0,0.0,0.0,3.0,45.0,36.0,0.0,0.0,0.0,0.0,1.0,0.0,0.0,6.0,0.0,0.0,0.0,0.0,0.0,2.0,0.0,0.0
54,16.0,15.0,8.0,0.0,15.0,1.0,8.0,7.0,4.0,10.0,0.0,0.0,0.0,0.0,3.0,17.0,0.0,0.0,10.0,0.0,0.0,1.0,15.0,84.0,0.0,0.0,0.0,0.0,0.0,0.0,0.0,4.0,0.0,0.0,0.0,0.0,0.0,0.0,0.0,0.0
55,16.0,16.0,9.0,0.0,5.0,2.0,17.0,15.0,5.0,8.0,0.0,0.0,0.0,0.0,3.0,19.0,0.0,1.0,10.0,2.0,1.0,0.0,30.0,69.0,0.0,0.0,0.0,0.0,0.0,0.0,0.0,0.0,0.0,0.0,0.0,0.0,0.0,0.0,0.0,0.0
56,16.0,17.0,8.0,0.0,13.0,0.0,19.0,17.0,6.0,14.0,3.0,0.0,1.0,0.0,4.0,6.0,0.0,1.0,12.0,1.0,5.0,4.0,14.0,7.0,1.0,0.0,1.0,0.0,0.0,0.0,0.0,8.0,1.0,0.0,3.0,0.0,0.0,0.0,0.0,1.0
57,16.0,18.0,13.0,0.0,26.0,2.0,17.0,19.0,4.0,4.0,1.0,0.0,0.0,0.0,4.0,8.0,0.0,0.0,15.0,0.0,0.0,1.0,28.0,32.0,0.0,0.0,0.0,0.0,0.0,0.0,0.0,8.0,0.0,0.0,0.0,0.0,0.0,0.0,0.0,0.0
58,16.0,19.0,1.0,0.0,38.0,0.0,11.0,21.0,9.0,3.0,0.0,0.0,0.0,0.0,1.0,12.0,0.0,0.0,14.0,0.0,0.0,4.0,18.0,72.0,0.0,0.0,0.0,0.0,1.0,0.0,0.0,13.0,2.0,0.0,0.0,0.0,1.0,0.0,0.0,0.0
59,16.0,20.0,5.0,0.0,10.0,0.0,17.0,18.0,0.0,6.0,1.0,0.0,0.0,0.0,2.0,9.0,0.0,0.0,8.0,0.0,0.0,0.0,31.0,48.0,0.0,0.0,0.0,0.0,7.0,0.0,0.0,1.0,0.0,0.0,2.0,0.0,0.0,0.0,0.0,0.0
60,17.0,1.0,12.0,0.0,4.0,3.0,25.0,14.0,1.0,10.0,8.0,0.0,1.0,0.0,7.0,24.0,0.0,0.0,10.0,0.0,9.0,3.0,20.0,50.0,0.0,0.0,0.0,0.0,1.0,0.0,0.0,0.0,0.0,0.0,1.0,0.0,0.0,0.0,0.0,0.0
61,17.0,2.0,8.0,0.0,2.0,3.0,11.0,14.0,10.0,5.0,2.0,0.0,0.0,0.0,3.0,26.0,0.0,0.0,5.0,2.0,5.0,3.0,31.0,60.0,0.0,0.0,0.0,0.0,4.0,0.0,0.0,4.0,0.0,0.0,1.0,0.0,0.0,0.0,0.0,0.0
62,17.0,3.0,4.0,0.0,4.0,3.0,30.0,16.0,49.0,5.0,0.0,0.0,1.0,0.0,0.0,7.0,0.0,0.0,5.0,2.0,1.0,8.0,38.0,19.0,0.0,0.0,0.0,0.0,32.0,0.0,0.0,3.0,0.0,0.0,0.0,0.0,0.0,0.0,0.0,0.0
63,17.0,4.0,3.0,0.0,9.0,0.0,15.0,11.0,21.0,6.0,2.0,0.0,0.0,0.0,0.0,7.0,0.0,2.0,5.0,2.0,1.0,23.0,17.0,22.0,0.0,0.0,0.0,0.0,25.0,0.0,0.0,0.0,5.0,0.0,1.0,0.0,0.0,0.0,1.0,0.0
64,17.0,5.0,23.0,0.0,9.0,11.0,25.0,8.0,14.0,7.0,25.0,0.0,0.0,1.0,15.0,68.0,0.0,0.0,23.0,5.0,9.0,1.0,9.0,32.0,0.0,0.0,1.0,0.0,4.0,0.0,0.0,4.0,0.0,0.0,7.0,0.0,0.0,0.0,0.0,0.0
65,17.0,6.0,5.0,0.0,8.0,0.0,10.0,13.0,2.0,5.0,6.0,0.0,0.0,1.0,1.0,12.0,0.0,0.0,5.0,2.0,5.0,5.0,36.0,69.0,0.0,0.0,0.0,0.0,1.0,0.0,0.0,3.0,0.0,0.0,0.0,0.0,0.0,0.0,0.0,0.0
66,17.0,7.0,2.0,0.0,1.0,3.0,31.0,21.0,22.0,7.0,0.0,0.0,0.0,2.0,4.0,7.0,0.0,2.0,5.0,1.0,0.0,3.0,28.0,18.0,0.0,0.0,0.0,0.0,22.0,0.0,0.0,0.0,0.0,0.0,0.0,0.0,0.0,0.0,0.0,0.0
67,17.0,8.0,5.0,0.0,2.0,1.0,45.0,17.0,26.0,3.0,0.0,0.0,0.0,1.0,9.0,7.0,0.0,0.0,6.0,2.0,4.0,3.0,38.0,9.0,0.0,0.0,0.0,0.0,17.0,0.0,0.0,0.0,0.0,0.0,0.0,0.0,0.0,0.0,0.0,0.0
68,17.0,9.0,14.0,0.0,22.0,3.0,10.0,21.0,4.0,9.0,2.0,0.0,2.0,1.0,7.0,22.0,0.0,0.0,10.0,0.0,3.0,0.0,23.0,61.0,0.0,0.0,0.0,0.0,0.0,0.0,0.0,14.0,1.0,0.0,2.0,0.0,0.0,0.0,0.0,0.0
69,17.0,10.0,20.0,1.0,14.0,5.0,16.0,21.0,0.0,3.0,0.0,1.0,7.0,7.0,18.0,20.0,0.0,0.0,3.0,0.0,0.0,21.0,24.0,58.0,1.0,0.0,0.0,0.0,0.0,0.0,0.0,7.0,3.0,0.0,3.0,0.0,0.0,0.0,1.0,0.0
70,17.0,11.0,4.0,0.0,4.0,0.0,27.0,15.0,25.0,7.0,0.0,0.0,0.0,0.0,3.0,1.0,0.0,0.0,0.0,0.0,0.0,10.0,20.0,14.0,0.0,0.0,0.0,0.0,12.0,0.0,0.0,2.0,4.0,0.0,0.0,0.0,0.0,0.0,0.0,0.0
71,17.0,12.0,5.0,0.0,8.0,1.0,16.0,10.0,22.0,2.0,0.0,0.0,0.0,0.0,2.0,3.0,0.0,1.0,6.0,0.0,0.0,8.0,15.0,26.0,0.0,0.0,0.0,0.0,20.0,0.0,0.0,5.0,0.0,0.0,0.0,0.0,0.0,0.0,0.0,0.0
72,17.0,13.0,20.0,0.0,8.0,5.0,35.0,7.0,3.0,28.0,12.0,0.0,6.0,5.0,26.0,48.0,0.0,0.0,25.0,4.0,7.0,1.0,4.0,39.0,4.0,0.0,1.0,0.0,0.0,0.0,0.0,2.0,0.0,0.0,6.0,0.0,0.0,0.0,0.0,1.0
73,17.0,14.0,20.0,0.0,13.0,2.0,65.0,7.0,12.0,11.0,6.0,0.0,9.0,3.0,19.0,36.0,0.0,0.0,12.0,0.0,8.0,0.0,1.0,28.0,0.0,0.0,0.0,0.0,1.0,0.0,0.0,1.0,0.0,0.0,1.0,1.0,0.0,0.0,0.0,0.0
74,17.0,15.0,6.0,0.0,2.0,0.0,20.0,23.0,9.0,1.0,0.0,0.0,2.0,0.0,2.0,10.0,0.0,0.0,3.0,2.0,2.0,0.0,27.0,71.0,0.0,0.0,0.0,0.0,3.0,0.0,0.0,2.0,0.0,0.0,0.0,1.0,0.0,0.0,0.0,0.0
75,17.0,16.0,12.0,0.0,6.0,0.0,10.0,6.0,2.0,8.0,11.0,0.0,0.0,0.0,5.0,18.0,0.0,0.0,15.0,0.0,3.0,11.0,20.0,42.0,0.0,0.0,0.0,0.0,0.0,0.0,0.0,1.0,1.0,0.0,0.0,1.0,0.0,0.0,0.0,0.0
76,17.0,17.0,2.0,0.0,7.0,0.0,3.0,1.0,0.0,2.0,0.0,0.0,0.0,0.0,2.0,0.0,0.0,0.0,3.0,0.0,0.0,0.0,5.0,2.0,0.0,0.0,0.0,0.0,1.0,1.0,0.0,1.0,0.0,0.0,0.0,0.0,0.0,0.0,0.0,0.0
77,17.0,18.0,9.0,0.0,0.0,4.0,13.0,1.0,1.0,14.0,16.0,0.0,0.0,0.0,7.0,39.0,0.0,0.0,14.0,3.0,9.0,0.0,2.0,15.0,0.0,0.0,0.0,0.0,0.0,0.0,0.0,0.0,0.0,0.0,2.0,0.0,0.0,0.0,0.0,0.0
78,17.0,19.0,6.0,0.0,0.0,2.0,19.0,13.0,2.0,12.0,8.0,0.0,0.0,1.0,3.0,33.0,0.0,1.0,20.0,5.0,7.0,0.0,12.0,51.0,0.0,0.0,0.0,0.0,0.0,0.0,0.0,0.0,0.0,0.0,2.0,0.0,0.0,0.0,0.0,0.0
79,17.0,20.0,11.0,0.0,4.0,9.0,21.0,13.0,11.0,11.0,21.0,1.0,2.0,0.0,5.0,62.0,1.0,0.0,23.0,9.0,7.0,4.0,6.0,42.0,0.0,0.0,0.0,0.0,3.0,0.0,0.0,2.0,0.0,0.0,1.0,0.0,0.0,0.0,0.0,0.0
80,18.0,1.0,8.0,0.0,19.0,2.0,14.0,13.0,4.0,5.0,1.0,0.0,0.0,1.0,0.0,8.0,0.0,0.0,5.0,1.0,1.0,2.0,42.0,87.0,0.0,0.0,0.0,0.0,1.0,0.0,0.0,4.0,1.0,0.0,0.0,0.0,0.0,0.0,0.0,0.0
81,18.0,2.0,16.0,0.0,2.0,5.0,16.0,9.0,5.0,15.0,10.0,0.0,0.0,1.0,9.0,50.0,0.0,0.0,16.0,1.0,11.0,0.0,12.0,60.0,0.0,0.0,2.0,0.0,0.0,0.0,0.0,0.0,0.0,0.0,4.0,0.0,0.0,0.0,0.0,0.0
82,18.0,3.0,21.0,1.0,5.0,5.0,22.0,15.0,8.0,15.0,8.0,0.0,0.0,1.0,5.0,29.0,1.0,0.0,11.0,0.0,8.0,1.0,21.0,35.0,0.0,0.0,0.0,0.0,0.0,0.0,0.0,2.0,0.0,0.0,2.0,0.0,0.0,0.0,0.0,1.0
83,18.0,4.0,19.0,2.0,0.0,13.0,21.0,4.0,7.0,19.0,15.0,0.0,0.0,2.0,14.0,28.0,0.0,0.0,15.0,4.0,8.0,4.0,2.0,1.0,0.0,0.0,0.0,0.0,0.0,0.0,0.0,0.0,1.0,0.0,3.0,0.0,0.0,0.0,0.0,4.0
84,18.0,5.0,9.0,0.0,30.0,2.0,19.0,9.0,1.0,5.0,0.0,0.0,0.0,0.0,4.0,28.0,0.0,0.0,8.0,2.0,0.0,2.0,28.0,60.0,0.0,0.0,0.0,0.0,2.0,0.0,0.0,15.0,2.0,0.0,0.0,0.0,0.0,0.0,0.0,0.0
85,18.0,6.0,5.0,0.0,22.0,3.0,15.0,6.0,16.0,10.0,0.0,0.0,0.0,0.0,0.0,11.0,0.0,0.0,3.0,0.0,1.0,6.0,31.0,67.0,0.0,0.0,0.0,0.0,2.0,0.0,0.0,7.0,0.0,0.0,1.0,0.0,0.0,0.0,0.0,0.0
86,18.0,7.0,7.0,0.0,0.0,4.0,15.0,8.0,14.0,19.0,1.0,0.0,0.0,1.0,3.0,20.0,0.0,0.0,7.0,1.0,0.0,3.0,40.0,61.0,0.0,0.0,0.0,0.0,2.0,0.0,0.0,0.0,0.0,1.0,0.0,0.0,0.0,0.0,0.0,0.0
87,18.0,8.0,17.0,0.0,1.0,11.0,17.0,14.0,2.0,15.0,2.0,0.0,1.0,0.0,5.0,43.0,0.0,0.0,8.0,0.0,0.0,1.0,12.0,59.0,0.0,0.0,0.0,0.0,1.0,0.0,0.0,0.0,0.0,0.0,0.0,0.0,0.0,0.0,0.0,0.0
88,18.0,9.0,15.0,0.0,15.0,1.0,15.0,15.0,8.0,4.0,0.0,0.0,0.0,0.0,1.0,38.0,0.0,0.0,8.0,4.0,0.0,1.0,21.0,39.0,0.0,0.0,0.0,0.0,1.0,0.0,0.0,8.0,1.0,0.0,1.0,0.0,0.0,0.0,0.0,0.0
89,18.0,10.0,12.0,0.0,10.0,1.0,21.0,11.0,1.0,7.0,0.0,0.0,0.0,0.0,7.0,11.0,0.0,0.0,5.0,1.0,1.0,3.0,28.0,59.0,0.0,0.0,0.0,0.0,0.0,0.0,0.0,3.0,0.0,0.0,0.0,0.0,0.0,0.0,0.0,0.0
90,18.0,11.0,9.0,0.0,11.0,5.0,23.0,5.0,24.0,26.0,0.0,0.0,0.0,0.0,9.0,28.0,0.0,0.0,8.0,2.0,2.0,10.0,31.0,36.0,0.0,0.0,0.0,0.0,0.0,0.0,0.0,3.0,0.0,0.0,2.0,0.0,0.0,0.0,0.0,1.0
91,18.0,12.0,6.0,0.0,7.0,2.0,20.0,16.0,1.0,14.0,1.0,0.0,0.0,0.0,1.0,26.0,0.0,0.0,8.0,0.0,0.0,0.0,24.0,85.0,0.0,0.0,0.0,0.0,0.0,0.0,1.0,3.0,0.0,0.0,0.0,0.0,0.0,0.0,0.0,0.0
92,18.0,13.0,6.0,0.0,15.0,6.0,27.0,21.0,6.0,16.0,0.0,0.0,0.0,0.0,2.0,14.0,0.0,0.0,14.0,1.0,0.0,0.0,17.0,54.0,0.0,0.0,0.0,0.0,7.0,0.0,0.0,7.0,0.0,0.0,0.0,0.0,0.0,0.0,0.0,0.0
93,18.0,14.0,4.0,0.0,2.0,2.0,7.0,17.0,4.0,8.0,2.0,0.0,0.0,1.0,2.0,20.0,0.0,0.0,5.0,0.0,2.0,0.0,50.0,83.0,0.0,0.0,0.0,0.0,0.0,0.0,0.0,0.0,0.0,0.0,0.0,0.0,0.0,0.0,0.0,0.0
94,18.0,15.0,4.0,0.0,8.0,1.0,20.0,22.0,9.0,7.0,1.0,0.0,0.0,0.0,2.0,11.0,0.0,1.0,3.0,0.0,0.0,2.0,36.0,39.0,0.0,0.0,0.0,0.0,2.0,0.0,0.0,2.0,0.0,0.0,0.0,0.0,0.0,0.0,0.0,0.0
95,18.0,16.0,1.0,0.0,1.0,1.0,20.0,16.0,3.0,12.0,1.0,0.0,0.0,0.0,2.0,12.0,0.0,0.0,2.0,0.0,1.0,1.0,27.0,59.0,0.0,0.0,0.0,0.0,1.0,0.0,0.0,0.0,0.0,0.0,0.0,0.0,0.0,0.0,0.0,0.0
96,18.0,17.0,2.0,0.0,0.0,1.0,4.0,0.0,1.0,7.0,0.0,1.0,0.0,0.0,4.0,3.0,0.0,0.0,4.0,0.0,0.0,1.0,1.0,6.0,1.0,0.0,1.0,0.0,0.0,0.0,0.0,0.0,0.0,0.0,0.0,0.0,0.0,0.0,0.0,0.0
97,18.0,18.0,3.0,0.0,13.0,4.0,2.0,6.0,3.0,7.0,0.0,0.0,0.0,0.0,2.0,8.0,0.0,0.0,8.0,0.0,1.0,4.0,22.0,43.0,0.0,0.0,0.0,0.0,1.0,0.0,0.0,3.0,0.0,0.0,0.0,0.0,0.0,0.0,0.0,0.0
98,18.0,19.0,6.0,0.0,4.0,1.0,26.0,34.0,2.0,8.0,0.0,0.0,0.0,0.0,3.0,17.0,0.0,0.0,14.0,1.0,1.0,2.0,31.0,49.0,0.0,0.0,0.0,0.0,0.0,0.0,0.0,1.0,0.0,0.0,0.0,0.0,0.0,0.0,0.0,0.0
99,18.0,20.0,1.0,0.0,2.0,3.0,11.0,18.0,7.0,5.0,1.0,0.0,1.0,0.0,1.0,12.0,0.0,0.0,11.0,1.0,4.0,0.0,28.0,60.0,0.0,0.0,0.0,0.0,0.0,0.0,0.0,0.0,0.0,0.0,0.0,0.0,0.0,0.0,0.0,0.0
100,19.0,1.0,2.0,0.0,21.0,1.0,16.0,16.0,6.0,3.0,2.0,0.0,0.0,1.0,1.0,7.0,0.0,0.0,3.0,1.0,1.0,25.0,22.0,50.0,0.0,0.0,0.0,1.0,1.0,0.0,0.0,0.0,10.0,0.0,0.0,0.0,0.0,0.0,0.0,0.0
101,19.0,2.0,6.0,0.0,45.0,3.0,18.0,14.0,4.0,8.0,4.0,0.0,0.0,0.0,1.0,8.0,0.0,0.0,8.0,1.0,3.0,21.0,34.0,42.0,0.0,0.0,0.0,0.0,2.0,0.0,0.0,24.0,6.0,0.0,0.0,1.0,0.0,0.0,0.0,0.0
102,19.0,3.0,4.0,0.0,1.0,2.0,19.0,19.0,4.0,11.0,0.0,0.0,0.0,0.0,2.0,14.0,0.0,0.0,4.0,1.0,3.0,1.0,54.0,80.0,0.0,0.0,0.0,0.0,1.0,0.0,0.0,2.0,2.0,0.0,0.0,0.0,0.0,0.0,0.0,0.0
103,19.0,4.0,0.0,0.0,19.0,0.0,28.0,11.0,23.0,8.0,0.0,0.0,0.0,0.0,1.0,8.0,0.0,0.0,8.0,1.0,1.0,19.0,24.0,20.0,0.0,0.0,0.0,0.0,4.0,0.0,0.0,2.0,7.0,0.0,0.0,0.0,0.0,0.0,0.0,0.0
104,19.0,5.0,24.0,0.0,7.0,2.0,46.0,19.0,7.0,8.0,4.0,0.0,0.0,0.0,18.0,20.0,0.0,0.0,2.0,1.0,18.0,4.0,13.0,19.0,0.0,0.0,0.0,0.0,2.0,0.0,1.0,4.0,1.0,0.0,2.0,0.0,0.0,0.0,0.0,1.0
105,19.0,6.0,13.0,0.0,0.0,5.0,39.0,16.0,3.0,11.0,6.0,0.0,2.0,0.0,12.0,35.0,0.0,0.0,4.0,6.0,11.0,3.0,25.0,27.0,1.0,0.0,1.0,0.0,1.0,0.0,0.0,0.0,0.0,0.0,1.0,0.0,0.0,0.0,0.0,2.0
106,19.0,7.0,15.0,0.0,6.0,7.0,29.0,9.0,1.0,12.0,0.0,0.0,0.0,1.0,7.0,31.0,0.0,0.0,2.0,1.0,3.0,5.0,35.0,33.0,0.0,0.0,0.0,0.0,0.0,0.0,0.0,0.0,2.0,1.0,1.0,0.0,0.0,0.0,0.0,0.0
107,19.0,8.0,2.0,0.0,2.0,0.0,15.0,15.0,15.0,12.0,1.0,0.0,0.0,0.0,0.0,18.0,0.0,0.0,3.0,0.0,2.0,1.0,39.0,67.0,0.0,0.0,0.0,0.0,0.0,0.0,0.0,1.0,0.0,0.0,0.0,0.0,0.0,0.0,0.0,0.0
108,19.0,9.0,15.0,0.0,21.0,9.0,31.0,19.0,1.0,11.0,3.0,0.0,0.0,0.0,10.0,52.0,0.0,0.0,11.0,0.0,3.0,2.0,29.0,31.0,0.0,0.0,0.0,0.0,0.0,0.0,0.0,18.0,0.0,0.0,1.0,0.0,0.0,0.0,0.0,0.0
109,19.0,10.0,6.0,0.0,0.0,0.0,32.0,24.0,2.0,10.0,1.0,0.0,0.0,2.0,3.0,19.0,0.0,0.0,8.0,1.0,4.0,0.0,62.0,39.0,0.0,0.0,0.0,0.0,0.0,0.0,0.0,0.0,0.0,0.0,0.0,0.0,0.0,0.0,0.0,0.0
110,19.0,11.0,5.0,0.0,5.0,2.0,16.0,22.0,3.0,9.0,0.0,0.0,0.0,1.0,1.0,9.0,0.0,0.0,4.0,1.0,2.0,1.0,39.0,75.0,0.0,0.0,0.0,0.0,0.0,0.0,0.0,1.0,0.0,0.0,2.0,0.0,0.0,0.0,0.0,0.0
111,19.0,12.0,4.0,0.0,12.0,1.0,22.0,18.0,8.0,13.0,0.0,0.0,0.0,1.0,1.0,17.0,0.0,0.0,9.0,1.0,0.0,2.0,53.0,47.0,0.0,0.0,0.0,0.0,0.0,0.0,0.0,10.0,0.0,0.0,0.0,0.0,0.0,0.0,0.0,0.0
112,19.0,13.0,10.0,0.0,12.0,4.0,20.0,19.0,8.0,17.0,0.0,0.0,0.0,0.0,4.0,42.0,0.0,0.0,10.0,1.0,1.0,3.0,25.0,63.0,0.0,0.0,0.0,0.0,1.0,0.0,0.0,4.0,2.0,0.0,2.0,0.0,0.0,0.0,0.0,0.0
113,19.0,14.0,5.0,0.0,12.0,3.0,28.0,18.0,0.0,14.0,1.0,0.0,1.0,0.0,4.0,27.0,0.0,0.0,6.0,0.0,5.0,1.0,20.0,58.0,1.0,0.0,0.0,0.0,0.0,0.0,0.0,13.0,0.0,0.0,0.0,0.0,0.0,0.0,0.0,0.0
114,19.0,15.0,7.0,0.0,5.0,5.0,19.0,19.0,9.0,10.0,8.0,0.0,1.0,0.0,0.0,34.0,0.0,0.0,12.0,1.0,11.0,4.0,32.0,50.0,0.0,0.0,0.0,0.0,0.0,0.0,0.0,10.0,0.0,0.0,0.0,0.0,0.0,0.0,0.0,0.0
115,19.0,16.0,14.0,0.0,15.0,1.0,17.0,10.0,2.0,9.0,3.0,0.0,0.0,0.0,9.0,52.0,1.0,0.0,5.0,7.0,3.0,2.0,20.0,40.0,0.0,0.0,0.0,0.0,0.0,0.0,0.0,8.0,0.0,0.0,4.0,0.0,0.0,0.0,0.0,0.0
116,19.0,17.0,2.0,0.0,7.0,0.0,8.0,11.0,1.0,2.0,2.0,0.0,0.0,0.0,0.0,6.0,0.0,0.0,5.0,0.0,0.0,1.0,23.0,20.0,0.0,0.0,0.0,0.0,0.0,0.0,0.0,1.0,0.0,0.0,0.0,0.0,0.0,0.0,0.0,0.0
117,19.0,18.0,6.0,0.0,10.0,0.0,12.0,14.0,4.0,6.0,0.0,0.0,0.0,3.0,1.0,11.0,0.0,1.0,3.0,1.0,0.0,0.0,14.0,19.0,0.0,0.0,0.0,0.0,0.0,0.0,0.0,3.0,0.0,0.0,0.0,0.0,0.0,0.0,0.0,0.0
118,19.0,19.0,6.0,0.0,2.0,0.0,22.0,4.0,7.0,12.0,2.0,0.0,0.0,1.0,3.0,13.0,0.0,1.0,8.0,0.0,8.0,6.0,21.0,44.0,0.0,0.0,0.0,0.0,1.0,0.0,0.0,3.0,0.0,0.0,1.0,0.0,0.0,0.0,0.0,0.0
119,19.0,20.0,14.0,0.0,3.0,4.0,15.0,17.0,2.0,9.0,3.0,0.0,0.0,0.0,4.0,22.0,0.0,0.0,13.0,0.0,2.0,0.0,25.0,44.0,0.0,0.0,0.0,0.0,1.0,0.0,0.0,1.0,0.0,0.0,1.0,0.0,0.0,0.0,0.0,0.0
120,20.0,1.0,0.0,0.0,8.0,0.0,6.0,3.0,1.0,1.0,1.0,0.0,0.0,0.0,0.0,1.0,0.0,0.0,1.0,0.0,0.0,8.0,5.0,9.0,0.0,0.0,0.0,0.0,0.0,0.0,0.0,4.0,1.0,0.0,0.0,0.0,0.0,0.0,0.0,0.0
121,20.0,2.0,0.0,0.0,9.0,1.0,6.0,2.0,2.0,1.0,0.0,0.0,1.0,0.0,2.0,1.0,0.0,1.0,2.0,1.0,0.0,3.0,4.0,3.0,0.0,1.0,0.0,0.0,0.0,0.0,1.0,7.0,1.0,0.0,0.0,0.0,0.0,0.0,0.0,0.0
122,20.0,3.0,1.0,0.0,12.0,0.0,0.0,2.0,0.0,0.0,0.0,0.0,0.0,0.0,1.0,2.0,0.0,1.0,2.0,0.0,0.0,2.0,4.0,9.0,0.0,0.0,0.0,0.0,0.0,0.0,0.0,4.0,0.0,0.0,0.0,0.0,0.0,0.0,0.0,0.0
123,20.0,4.0,0.0,0.0,6.0,0.0,4.0,1.0,2.0,1.0,0.0,0.0,0.0,0.0,1.0,1.0,0.0,1.0,1.0,0.0,0.0,0.0,3.0,2.0,0.0,0.0,0.0,0.0,1.0,0.0,0.0,3.0,0.0,0.0,0.0,0.0,0.0,0.0,0.0,0.0
124,20.0,5.0,9.0,0.0,22.0,1.0,26.0,27.0,3.0,3.0,1.0,0.0,0.0,0.0,1.0,9.0,0.0,1.0,11.0,2.0,0.0,4.0,55.0,63.0,0.0,0.0,0.0,0.0,0.0,0.0,0.0,8.0,0.0,0.0,0.0,0.0,0.0,0.0,0.0,0.0
125,20.0,6.0,10.0,0.0,49.0,3.0,34.0,13.0,12.0,2.0,2.0,1.0,0.0,0.0,2.0,12.0,0.0,2.0,2.0,1.0,1.0,9.0,41.0,3.0,0.0,0.0,0.0,0.0,4.0,0.0,0.0,11.0,1.0,0.0,0.0,0.0,0.0,0.0,0.0,0.0
126,20.0,7.0,5.0,0.0,56.0,0.0,16.0,20.0,7.0,5.0,1.0,0.0,0.0,0.0,1.0,7.0,0.0,0.0,8.0,0.0,1.0,6.0,42.0,56.0,0.0,0.0,0.0,0.0,3.0,0.0,0.0,19.0,2.0,0.0,0.0,0.0,0.0,0.0,0.0,0.0
127,20.0,8.0,19.0,0.0,7.0,2.0,18.0,12.0,9.0,8.0,7.0,0.0,0.0,0.0,9.0,28.0,1.0,0.0,15.0,5.0,5.0,2.0,42.0,46.0,0.0,0.0,0.0,0.0,1.0,0.0,0.0,2.0,0.0,0.0,3.0,0.0,0.0,0.0,0.0,0.0
128,20.0,9.0,7.0,0.0,53.0,3.0,47.0,14.0,11.0,6.0,0.0,0.0,2.0,0.0,6.0,11.0,0.0,2.0,2.0,4.0,3.0,17.0,38.0,4.0,0.0,0.0,0.0,0.0,1.0,0.0,0.0,5.0,3.0,0.0,2.0,1.0,0.0,0.0,0.0,0.0
129,20.0,10.0,14.0,0.0,99.0,1.0,35.0,12.0,6.0,2.0,0.0,0.0,1.0,0.0,3.0,7.0,2.0,0.0,7.0,1.0,2.0,10.0,18.0,4.0,0.0,0.0,0.0,0.0,1.0,0.0,1.0,28.0,4.0,0.0,1.0,0.0,0.0,0.0,0.0,0.0
130,20.0,11.0,11.0,0.0,84.0,1.0,30.0,9.0,14.0,0.0,0.0,0.0,0.0,0.0,5.0,8.0,0.0,2.0,3.0,2.0,1.0,12.0,19.0,5.0,0.0,0.0,0.0,0.0,6.0,0.0,1.0,20.0,1.0,0.0,0.0,0.0,0.0,0.0,0.0,0.0
131,20.0,12.0,4.0,0.0,25.0,1.0,36.0,14.0,23.0,2.0,1.0,0.0,0.0,0.0,2.0,2.0,0.0,0.0,0.0,1.0,3.0,12.0,49.0,22.0,0.0,0.0,1.0,0.0,6.0,0.0,0.0,1.0,0.0,0.0,0.0,0.0,0.0,0.0,0.0,0.0
132,20.0,13.0,10.0,0.0,3.0,0.0,38.0,13.0,15.0,3.0,2.0,1.0,1.0,1.0,3.0,4.0,1.0,2.0,3.0,0.0,2.0,6.0,31.0,2.0,0.0,0.0,0.0,0.0,0.0,0.0,1.0,2.0,0.0,0.0,0.0,0.0,0.0,0.0,0.0,0.0
133,20.0,14.0,9.0,1.0,23.0,0.0,56.0,13.0,14.0,7.0,4.0,1.0,0.0,1.0,3.0,7.0,1.0,7.0,4.0,6.0,0.0,13.0,22.0,1.0,0.0,0.0,1.0,0.0,2.0,0.0,0.0,6.0,0.0,1.0,1.0,0.0,0.0,0.0,1.0,0.0
134,20.0,15.0,5.0,1.0,6.0,1.0,30.0,21.0,7.0,3.0,3.0,0.0,1.0,1.0,6.0,15.0,0.0,0.0,2.0,1.0,6.0,0.0,42.0,32.0,0.0,1.0,1.0,0.0,1.0,0.0,0.0,2.0,0.0,0.0,0.0,0.0,0.0,0.0,0.0,0.0
135,20.0,16.0,16.0,0.0,0.0,1.0,17.0,15.0,0.0,4.0,19.0,0.0,0.0,0.0,1.0,42.0,0.0,0.0,19.0,2.0,15.0,0.0,21.0,32.0,0.0,0.0,0.0,0.0,0.0,0.0,0.0,1.0,0.0,0.0,0.0,0.0,0.0,0.0,0.0,0.0
136,20.0,17.0,0.0,0.0,0.0,0.0,0.0,0.0,0.0,0.0,0.0,0.0,0.0,0.0,0.0,0.0,0.0,0.0,0.0,0.0,0.0,0.0,0.0,0.0,0.0,0.0,0.0,0.0,0.0,0.0,0.0,0.0,0.0,0.0,0.0,0.0,0.0,0.0,0.0,0.0
137,20.0,18.0,0.0,0.0,0.0,0.0,0.0,0.0,0.0,0.0,0.0,0.0,0.0,0.0,0.0,0.0,0.0,0.0,0.0,0.0,0.0,0.0,0.0,0.0,0.0,0.0,0.0,0.0,0.0,0.0,0.0,0.0,0.0,0.0,0.0,0.0,0.0,0.0,0.0,0.0
138,20.0,19.0,1.0,0.0,3.0,1.0,3.0,4.0,2.0,1.0,0.0,0.0,0.0,0.0,0.0,2.0,1.0,0.0,3.0,0.0,0.0,4.0,8.0,2.0,0.0,0.0,0.0,0.0,0.0,0.0,0.0,0.0,0.0,0.0,0.0,0.0,0.0,0.0,0.0,0.0
139,20.0,20.0,2.0,0.0,22.0,0.0,9.0,4.0,1.0,4.0,6.0,0.0,0.0,1.0,4.0,7.0,0.0,0.0,9.0,0.0,5.0,5.0,16.0,14.0,0.0,0.0,0.0,0.0,0.0,0.0,0.0,5.0,1.0,0.0,0.0,0.0,0.0,0.0,0.0,0.0
140,21.0,1.0,13.0,0.0,6.0,4.0,23.0,17.0,5.0,12.0,2.0,0.0,0.0,0.0,3.0,25.0,0.0,0.0,6.0,2.0,0.0,6.0,31.0,59.0,0.0,0.0,1.0,0.0,3.0,0.0,0.0,6.0,0.0,0.0,0.0,0.0,0.0,0.0,0.0,0.0
141,21.0,2.0,0.0,0.0,0.0,1.0,14.0,11.0,4.0,4.0,1.0,0.0,0.0,0.0,3.0,5.0,0.0,1.0,10.0,1.0,0.0,2.0,28.0,23.0,0.0,0.0,0.0,0.0,2.0,0.0,0.0,1.0,0.0,0.0,0.0,0.0,0.0,0.0,0.0,0.0
142,21.0,3.0,0.0,0.0,0.0,0.0,0.0,0.0,0.0,0.0,0.0,0.0,0.0,0.0,0.0,0.0,0.0,0.0,0.0,0.0,0.0,0.0,0.0,0.0,0.0,0.0,0.0,0.0,0.0,0.0,0.0,0.0,0.0,0.0,0.0,0.0,0.0,0.0,0.0,0.0
143,21.0,4.0,0.0,0.0,0.0,0.0,0.0,0.0,0.0,0.0,0.0,0.0,0.0,0.0,0.0,0.0,0.0,0.0,0.0,0.0,0.0,0.0,0.0,0.0,0.0,0.0,0.0,0.0,0.0,0.0,0.0,0.0,0.0,0.0,0.0,0.0,0.0,0.0,0.0,0.0
144,21.0,5.0,18.0,0.0,2.0,8.0,34.0,7.0,4.0,6.0,9.0,0.0,0.0,1.0,6.0,64.0,0.0,0.0,16.0,1.0,5.0,3.0,12.0,23.0,0.0,0.0,0.0,0.0,0.0,0.0,0.0,4.0,0.0,0.0,2.0,0.0,0.0,0.0,0.0,0.0
145,21.0,6.0,13.0,0.0,10.0,1.0,42.0,12.0,21.0,7.0,4.0,0.0,1.0,0.0,7.0,21.0,0.0,1.0,8.0,3.0,7.0,11.0,31.0,28.0,0.0,0.0,0.0,0.0,8.0,0.0,0.0,2.0,3.0,0.0,1.0,1.0,0.0,0.0,0.0,0.0
146,21.0,7.0,4.0,0.0,3.0,0.0,17.0,4.0,44.0,16.0,1.0,0.0,0.0,0.0,8.0,6.0,0.0,0.0,7.0,6.0,1.0,5.0,7.0,9.0,0.0,0.0,0.0,0.0,2.0,0.0,0.0,4.0,0.0,0.0,1.0,1.0,0.0,0.0,0.0,4.0
147,21.0,8.0,0.0,0.0,0.0,0.0,1.0,0.0,0.0,1.0,0.0,0.0,0.0,0.0,0.0,0.0,0.0,0.0,0.0,0.0,0.0,0.0,2.0,0.0,0.0,0.0,0.0,0.0,0.0,0.0,0.0,0.0,0.0,0.0,0.0,0.0,0.0,0.0,0.0,0.0
148,21.0,9.0,9.0,1.0,0.0,0.0,63.0,18.0,0.0,11.0,6.0,0.0,0.0,0.0,11.0,34.0,0.0,0.0,16.0,0.0,7.0,0.0,16.0,34.0,0.0,0.0,0.0,0.0,0.0,0.0,0.0,0.0,0.0,0.0,2.0,0.0,0.0,0.0,0.0,1.0
149,21.0,10.0,7.0,0.0,0.0,2.0,22.0,30.0,19.0,5.0,1.0,0.0,0.0,1.0,1.0,7.0,0.0,0.0,6.0,1.0,1.0,0.0,30.0,66.0,0.0,0.0,0.0,0.0,0.0,0.0,0.0,0.0,0.0,0.0,0.0,0.0,0.0,0.0,0.0,0.0
150,21.0,11.0,17.0,1.0,13.0,5.0,28.0,16.0,18.0,15.0,2.0,0.0,0.0,1.0,9.0,28.0,0.0,1.0,22.0,2.0,5.0,7.0,23.0,38.0,0.0,0.0,0.0,0.0,2.0,0.0,0.0,4.0,1.0,0.0,2.0,0.0,0.0,0.0,0.0,1.0
151,21.0,12.0,20.0,0.0,3.0,7.0,35.0,3.0,0.0,18.0,14.0,0.0,1.0,4.0,21.0,43.0,1.0,0.0,24.0,3.0,11.0,1.0,2.0,1.0,0.0,0.0,1.0,0.0,0.0,0.0,0.0,0.0,0.0,0.0,4.0,0.0,0.0,0.0,0.0,0.0
152,21.0,13.0,3.0,0.0,1.0,1.0,13.0,27.0,14.0,11.0,1.0,0.0,0.0,1.0,0.0,8.0,0.0,0.0,4.0,3.0,0.0,0.0,17.0,40.0,0.0,0.0,0.0,0.0,0.0,0.0,0.0,0.0,0.0,0.0,0.0,0.0,0.0,0.0,0.0,0.0
153,21.0,14.0,3.0,0.0,5.0,4.0,41.0,12.0,11.0,9.0,45.0,0.0,0.0,0.0,2.0,29.0,0.0,0.0,20.0,3.0,26.0,0.0,20.0,18.0,0.0,0.0,0.0,0.0,0.0,0.0,0.0,0.0,0.0,0.0,1.0,0.0,0.0,0.0,0.0,0.0
154,21.0,15.0,13.0,0.0,5.0,6.0,49.0,6.0,14.0,11.0,0.0,0.0,1.0,2.0,12.0,27.0,0.0,0.0,6.0,6.0,2.0,2.0,17.0,22.0,0.0,0.0,0.0,0.0,2.0,0.0,0.0,2.0,0.0,0.0,1.0,1.0,0.0,0.0,0.0,1.0
155,21.0,16.0,14.0,0.0,7.0,2.0,20.0,9.0,12.0,1.0,6.0,0.0,0.0,0.0,6.0,11.0,0.0,1.0,10.0,0.0,4.0,10.0,23.0,36.0,0.0,0.0,0.0,0.0,22.0,0.0,0.0,2.0,3.0,0.0,0.0,0.0,0.0,0.0,0.0,0.0
156,21.0,17.0,7.0,0.0,5.0,2.0,8.0,1.0,1.0,8.0,0.0,0.0,0.0,0.0,5.0,6.0,0.0,0.0,2.0,2.0,1.0,0.0,0.0,3.0,0.0,0.0,0.0,1.0,0.0,0.0,0.0,3.0,0.0,0.0,1.0,0.0,0.0,0.0,0.0,1.0
157,21.0,18.0,8.0,0.0,2.0,1.0,18.0,30.0,2.0,9.0,0.0,0.0,0.0,0.0,4.0,13.0,0.0,0.0,10.0,2.0,1.0,0.0,18.0,56.0,0.0,0.0,0.0,0.0,0.0,0.0,0.0,0.0,0.0,0.0,1.0,0.0,0.0,0.0,0.0,0.0
158,21.0,19.0,4.0,0.0,9.0,2.0,18.0,13.0,7.0,2.0,3.0,1.0,0.0,2.0,2.0,10.0,0.0,0.0,14.0,0.0,0.0,11.0,22.0,70.0,0.0,0.0,0.0,0.0,3.0,0.0,1.0,1.0,2.0,0.0,0.0,0.0,0.0,0.0,0.0,0.0
159,21.0,20.0,1.0,0.0,1.0,4.0,9.0,11.0,15.0,1.0,1.0,0.0,0.0,1.0,4.0,7.0,0.0,0.0,11.0,1.0,0.0,1.0,21.0,52.0,0.0,0.0,0.0,0.0,27.0,0.0,0.0,1.0,0.0,0.0,0.0,0.0,0.0,0.0,0.0,0.0
160,22.0,1.0,13.0,0.0,3.0,3.0,26.0,8.0,25.0,14.0,0.0,0.0,0.0,0.0,10.0,44.0,0.0,0.0,8.0,2.0,1.0,2.0,9.0,12.0,0.0,0.0,0.0,0.0,6.0,0.0,0.0,1.0,0.0,0.0,0.0,0.0,0.0,0.0,0.0,1.0
161,22.0,2.0,7.0,0.0,1.0,7.0,2.0,0.0,3.0,1.0,0.0,0.0,0.0,0.0,2.0,40.0,1.0,0.0,2.0,3.0,0.0,1.0,0.0,0.0,0.0,0.0,0.0,0.0,2.0,0.0,0.0,0.0,0.0,0.0,0.0,0.0,0.0,0.0,0.0,0.0
162,22.0,3.0,0.0,0.0,0.0,0.0,0.0,0.0,0.0,0.0,0.0,0.0,0.0,0.0,0.0,0.0,0.0,0.0,0.0,0.0,0.0,0.0,0.0,0.0,0.0,0.0,0.0,0.0,0.0,0.0,0.0,0.0,0.0,0.0,0.0,0.0,0.0,0.0,0.0,0.0
163,22.0,4.0,0.0,0.0,0.0,0.0,0.0,0.0,0.0,0.0,0.0,0.0,0.0,0.0,0.0,0.0,0.0,0.0,0.0,0.0,0.0,0.0,0.0,0.0,0.0,0.0,0.0,0.0,0.0,0.0,0.0,0.0,0.0,0.0,0.0,0.0,0.0,0.0,0.0,0.0
164,22.0,5.0,18.0,0.0,18.0,6.0,18.0,21.0,11.0,21.0,2.0,0.0,0.0,0.0,8.0,52.0,0.0,0.0,9.0,1.0,2.0,3.0,12.0,30.0,0.0,0.0,0.0,0.0,1.0,0.0,0.0,7.0,0.0,0.0,2.0,0.0,0.0,0.0,0.0,2.0
165,22.0,6.0,14.0,0.0,6.0,3.0,39.0,22.0,1.0,10.0,1.0,0.0,0.0,0.0,5.0,37.0,0.0,0.0,8.0,2.0,2.0,0.0,26.0,27.0,0.0,0.0,0.0,0.0,0.0,0.0,0.0,1.0,0.0,0.0,0.0,0.0,0.0,0.0,0.0,2.0
166,22.0,7.0,17.0,0.0,1.0,0.0,27.0,13.0,6.0,10.0,12.0,0.0,1.0,1.0,6.0,20.0,0.0,0.0,10.0,2.0,7.0,2.0,22.0,23.0,0.0,0.0,0.0,0.0,0.0,0.0,0.0,1.0,0.0,0.0,0.0,0.0,0.0,0.0,0.0,0.0
167,22.0,8.0,5.0,0.0,1.0,2.0,5.0,1.0,1.0,3.0,1.0,0.0,0.0,0.0,2.0,12.0,0.0,0.0,3.0,0.0,1.0,0.0,2.0,0.0,0.0,0.0,0.0,0.0,1.0,0.0,0.0,2.0,0.0,0.0,0.0,0.0,0.0,0.0,0.0,5.0
168,22.0,9.0,20.0,3.0,15.0,7.0,24.0,1.0,7.0,12.0,16.0,0.0,0.0,2.0,7.0,65.0,0.0,1.0,36.0,3.0,19.0,6.0,8.0,5.0,0.0,0.0,1.0,0.0,7.0,0.0,0.0,6.0,1.0,0.0,5.0,0.0,0.0,0.0,0.0,5.0
169,22.0,10.0,7.0,0.0,2.0,3.0,35.0,20.0,26.0,5.0,1.0,0.0,0.0,0.0,2.0,10.0,0.0,0.0,11.0,0.0,1.0,15.0,29.0,23.0,0.0,1.0,0.0,0.0,27.0,0.0,0.0,2.0,1.0,0.0,1.0,1.0,0.0,0.0,0.0,0.0
170,22.0,11.0,9.0,0.0,11.0,6.0,32.0,21.0,38.0,6.0,1.0,0.0,0.0,1.0,6.0,12.0,0.0,1.0,7.0,1.0,3.0,12.0,47.0,25.0,0.0,0.0,0.0,1.0,17.0,0.0,0.0,1.0,1.0,0.0,0.0,0.0,0.0,0.0,0.0,0.0
171,22.0,12.0,10.0,0.0,2.0,4.0,24.0,15.0,10.0,17.0,8.0,0.0,0.0,0.0,4.0,21.0,0.0,0.0,8.0,0.0,2.0,3.0,51.0,44.0,0.0,0.0,0.0,0.0,4.0,0.0,0.0,1.0,0.0,0.0,0.0,0.0,0.0,0.0,0.0,0.0
172,22.0,13.0,0.0,0.0,1.0,0.0,4.0,5.0,1.0,0.0,1.0,0.0,0.0,0.0,0.0,1.0,0.0,0.0,0.0,0.0,0.0,1.0,5.0,6.0,0.0,0.0,0.0,0.0,0.0,0.0,0.0,1.0,1.0,0.0,0.0,0.0,0.0,0.0,0.0,0.0
173,22.0,14.0,4.0,0.0,7.0,2.0,17.0,11.0,13.0,8.0,1.0,1.0,0.0,0.0,2.0,10.0,0.0,1.0,14.0,1.0,1.0,0.0,45.0,38.0,0.0,0.0,0.0,0.0,4.0,0.0,0.0,1.0,0.0,0.0,0.0,0.0,0.0,0.0,0.0,0.0
174,22.0,15.0,4.0,0.0,3.0,1.0,20.0,21.0,3.0,6.0,1.0,0.0,0.0,0.0,2.0,14.0,0.0,0.0,8.0,0.0,0.0,2.0,47.0,87.0,0.0,0.0,1.0,0.0,1.0,0.0,0.0,1.0,0.0,0.0,0.0,0.0,0.0,0.0,0.0,0.0
175,22.0,16.0,8.0,0.0,13.0,1.0,26.0,20.0,33.0,6.0,1.0,0.0,0.0,1.0,2.0,8.0,0.0,0.0,3.0,0.0,0.0,9.0,33.0,27.0,0.0,0.0,0.0,0.0,12.0,0.0,0.0,4.0,2.0,0.0,0.0,0.0,0.0,0.0,0.0,0.0
176,22.0,17.0,0.0,0.0,0.0,0.0,0.0,0.0,0.0,0.0,0.0,0.0,0.0,0.0,0.0,0.0,0.0,0.0,0.0,0.0,0.0,0.0,0.0,0.0,0.0,0.0,0.0,0.0,0.0,0.0,0.0,0.0,0.0,0.0,0.0,0.0,0.0,0.0,0.0,0.0
177,22.0,18.0,0.0,0.0,0.0,0.0,1.0,0.0,0.0,0.0,0.0,0.0,0.0,0.0,0.0,0.0,0.0,1.0,0.0,0.0,0.0,0.0,0.0,0.0,0.0,0.0,0.0,0.0,0.0,0.0,0.0,0.0,0.0,0.0,0.0,0.0,0.0,0.0,0.0,0.0
178,22.0,19.0,1.0,0.0,1.0,1.0,5.0,5.0,2.0,2.0,2.0,0.0,0.0,0.0,0.0,2.0,0.0,0.0,3.0,0.0,0.0,0.0,12.0,27.0,0.0,0.0,0.0,0.0,2.0,0.0,0.0,0.0,0.0,0.0,0.0,0.0,0.0,0.0,0.0,0.0
179,22.0,20.0,3.0,0.0,30.0,2.0,4.0,13.0,7.0,2.0,1.0,0.0,0.0,1.0,1.0,15.0,0.0,0.0,8.0,2.0,0.0,9.0,22.0,32.0,0.0,0.0,0.0,0.0,7.0,0.0,0.0,4.0,4.0,0.0,0.0,0.0,0.0,0.0,0.0,0.0
180,23.0,1.0,20.0,1.0,21.0,8.0,26.0,5.0,10.0,23.0,0.0,0.0,0.0,0.0,18.0,30.0,0.0,1.0,3.0,2.0,2.0,33.0,0.0,0.0,0.0,0.0,0.0,0.0,1.0,0.0,0.0,21.0,1.0,0.0,1.0,0.0,0.0,0.0,0.0,0.0
181,23.0,2.0,19.0,1.0,11.0,3.0,29.0,5.0,63.0,22.0,0.0,1.0,0.0,1.0,10.0,9.0,0.0,1.0,7.0,1.0,4.0,12.0,2.0,0.0,0.0,0.0,0.0,0.0,5.0,0.0,0.0,2.0,1.0,0.0,1.0,0.0,0.0,0.0,0.0,0.0
182,23.0,3.0,6.0,0.0,2.0,3.0,23.0,4.0,9.0,11.0,21.0,0.0,0.0,2.0,1.0,24.0,0.0,1.0,2.0,0.0,0.0,7.0,5.0,1.0,0.0,0.0,0.0,0.0,2.0,0.0,1.0,2.0,1.0,0.0,0.0,0.0,1.0,0.0,0.0,0.0
183,23.0,4.0,2.0,0.0,1.0,1.0,4.0,0.0,6.0,5.0,0.0,0.0,0.0,1.0,3.0,21.0,1.0,0.0,1.0,1.0,0.0,3.0,5.0,0.0,0.0,0.0,0.0,1.0,0.0,0.0,0.0,0.0,0.0,0.0,0.0,0.0,0.0,0.0,0.0,6.0
184,23.0,5.0,21.0,0.0,13.0,10.0,30.0,7.0,30.0,31.0,11.0,0.0,0.0,3.0,10.0,28.0,1.0,0.0,12.0,5.0,8.0,6.0,5.0,0.0,0.0,0.0,0.0,0.0,8.0,0.0,0.0,7.0,0.0,0.0,2.0,0.0,0.0,0.0,0.0,2.0
185,23.0,6.0,12.0,0.0,58.0,2.0,22.0,18.0,9.0,4.0,0.0,0.0,0.0,0.0,1.0,18.0,0.0,0.0,5.0,0.0,0.0,15.0,23.0,24.0,0.0,1.0,0.0,0.0,0.0,0.0,0.0,9.0,2.0,0.0,0.0,0.0,0.0,0.0,0.0,0.0
186,23.0,7.0,15.0,2.0,15.0,20.0,14.0,2.0,4.0,32.0,1.0,0.0,0.0,1.0,13.0,103.0,0.0,0.0,4.0,3.0,2.0,6.0,4.0,2.0,1.0,0.0,1.0,1.0,0.0,0.0,0.0,5.0,1.0,0.0,1.0,0.0,0.0,0.0,0.0,4.0
187,23.0,8.0,23.0,9.0,2.0,5.0,47.0,5.0,29.0,22.0,0.0,0.0,2.0,4.0,31.0,17.0,1.0,0.0,2.0,0.0,9.0,6.0,13.0,0.0,1.0,1.0,0.0,2.0,2.0,0.0,1.0,2.0,0.0,1.0,6.0,0.0,0.0,0.0,1.0,22.0
188,23.0,9.0,10.0,0.0,10.0,0.0,56.0,22.0,20.0,12.0,1.0,0.0,0.0,1.0,4.0,9.0,0.0,1.0,5.0,1.0,2.0,8.0,25.0,8.0,0.0,1.0,3.0,0.0,4.0,1.0,0.0,3.0,3.0,0.0,3.0,0.0,0.0,0.0,0.0,1.0
189,23.0,10.0,10.0,0.0,35.0,0.0,32.0,16.0,4.0,8.0,0.0,0.0,0.0,0.0,3.0,16.0,0.0,1.0,7.0,2.0,1.0,1.0,24.0,18.0,0.0,0.0,0.0,0.0,8.0,0.0,0.0,7.0,0.0,0.0,0.0,0.0,0.0,0.0,0.0,0.0
190,23.0,11.0,26.0,5.0,4.0,5.0,29.0,4.0,20.0,26.0,5.0,0.0,1.0,3.0,20.0,44.0,0.0,2.0,7.0,5.0,22.0,9.0,4.0,5.0,0.0,0.0,1.0,0.0,2.0,0.0,0.0,2.0,0.0,0.0,2.0,0.0,0.0,0.0,0.0,8.0
191,23.0,12.0,7.0,8.0,6.0,1.0,39.0,7.0,22.0,10.0,1.0,0.0,0.0,1.0,20.0,12.0,0.0,3.0,3.0,3.0,3.0,9.0,9.0,1.0,0.0,0.0,1.0,0.0,2.0,0.0,0.0,4.0,0.0,0.0,2.0,0.0,0.0,0.0,0.0,22.0
192,23.0,13.0,9.0,0.0,11.0,1.0,25.0,17.0,31.0,7.0,2.0,0.0,0.0,0.0,5.0,12.0,2.0,1.0,7.0,5.0,1.0,11.0,25.0,24.0,0.0,0.0,0.0,0.0,5.0,0.0,0.0,3.0,3.0,0.0,0.0,1.0,0.0,0.0,0.0,1.0
193,23.0,14.0,20.0,0.0,5.0,3.0,49.0,13.0,6.0,13.0,1.0,0.0,0.0,1.0,6.0,19.0,0.0,0.0,3.0,2.0,5.0,18.0,30.0,38.0,0.0,0.0,1.0,0.0,1.0,0.0,0.0,2.0,2.0,1.0,0.0,0.0,0.0,0.0,0.0,0.0
194,23.0,15.0,15.0,2.0,4.0,10.0,55.0,2.0,48.0,16.0,4.0,0.0,0.0,0.0,11.0,20.0,0.0,0.0,5.0,2.0,11.0,20.0,3.0,3.0,0.0,0.0,0.0,0.0,9.0,0.0,0.0,1.0,0.0,0.0,1.0,0.0,0.0,0.0,0.0,0.0
195,23.0,16.0,8.0,0.0,0.0,3.0,47.0,9.0,9.0,17.0,0.0,0.0,0.0,0.0,5.0,25.0,0.0,3.0,2.0,1.0,7.0,4.0,13.0,1.0,0.0,0.0,1.0,0.0,0.0,0.0,1.0,0.0,0.0,0.0,1.0,0.0,0.0,0.0,0.0,0.0
196,23.0,17.0,1.0,0.0,2.0,1.0,4.0,2.0,1.0,1.0,0.0,0.0,0.0,0.0,3.0,1.0,1.0,0.0,3.0,0.0,0.0,2.0,0.0,0.0,0.0,0.0,0.0,0.0,0.0,0.0,0.0,1.0,1.0,0.0,0.0,0.0,0.0,0.0,0.0,0.0
197,23.0,18.0,6.0,0.0,3.0,1.0,13.0,12.0,12.0,8.0,1.0,0.0,0.0,0.0,2.0,11.0,0.0,1.0,8.0,1.0,1.0,10.0,18.0,15.0,0.0,0.0,0.0,0.0,0.0,0.0,0.0,2.0,2.0,0.0,1.0,0.0,0.0,0.0,0.0,1.0
198,23.0,19.0,14.0,0.0,0.0,8.0,35.0,4.0,39.0,28.0,0.0,0.0,0.0,0.0,8.0,31.0,0.0,0.0,8.0,0.0,1.0,7.0,2.0,3.0,1.0,0.0,0.0,0.0,0.0,0.0,0.0,1.0,1.0,0.0,2.0,0.0,0.0,0.0,0.0,0.0
199,23.0,20.0,14.0,0.0,2.0,9.0,37.0,7.0,5.0,26.0,20.0,0.0,1.0,1.0,8.0,34.0,0.0,0.0,12.0,0.0,28.0,0.0,5.0,5.0,0.0,1.0,0.0,0.0,3.0,0.0,1.0,2.0,0.0,0.0,0.0,0.0,0.0,0.0,0.0,0.0
200,24.0,1.0,5.0,0.0,23.0,1.0,21.0,1.0,5.0,3.0,1.0,0.0,1.0,1.0,6.0,3.0,0.0,1.0,1.0,0.0,2.0,6.0,12.0,1.0,1.0,0.0,0.0,0.0,2.0,0.0,0.0,8.0,3.0,0.0,1.0,0.0,0.0,0.0,0.0,0.0
201,24.0,2.0,0.0,0.0,0.0,0.0,1.0,0.0,1.0,0.0,0.0,0.0,0.0,0.0,0.0,0.0,0.0,0.0,0.0,0.0,0.0,0.0,2.0,0.0,0.0,0.0,0.0,0.0,0.0,0.0,0.0,0.0,0.0,0.0,0.0,0.0,0.0,0.0,0.0,0.0
202,24.0,3.0,0.0,0.0,0.0,0.0,0.0,0.0,0.0,0.0,0.0,0.0,0.0,0.0,0.0,0.0,0.0,0.0,0.0,0.0,0.0,0.0,0.0,0.0,0.0,0.0,0.0,0.0,0.0,0.0,0.0,0.0,0.0,0.0,0.0,0.0,0.0,0.0,0.0,0.0
203,24.0,4.0,0.0,0.0,0.0,0.0,0.0,0.0,0.0,0.0,0.0,0.0,0.0,0.0,0.0,0.0,0.0,0.0,0.0,0.0,0.0,0.0,0.0,0.0,0.0,0.0,0.0,0.0,0.0,0.0,0.0,0.0,0.0,0.0,0.0,0.0,0.0,0.0,0.0,0.0
204,24.0,5.0,6.0,0.0,5.0,1.0,49.0,28.0,13.0,3.0,3.0,0.0,1.0,3.0,11.0,6.0,0.0,3.0,4.0,4.0,4.0,4.0,36.0,3.0,0.0,2.0,2.0,0.0,4.0,0.0,1.0,2.0,1.0,0.0,0.0,0.0,1.0,0.0,0.0,0.0
205,24.0,6.0,3.0,0.0,12.0,0.0,31.0,23.0,10.0,4.0,3.0,0.0,3.0,0.0,20.0,8.0,0.0,5.0,1.0,1.0,1.0,8.0,33.0,5.0,0.0,0.0,1.0,0.0,1.0,0.0,0.0,2.0,0.0,0.0,0.0,0.0,0.0,0.0,0.0,0.0
206,24.0,7.0,9.0,0.0,4.0,5.0,25.0,2.0,2.0,8.0,5.0,0.0,1.0,2.0,8.0,25.0,1.0,0.0,8.0,5.0,1.0,4.0,4.0,0.0,0.0,0.0,0.0,0.0,1.0,0.0,0.0,0.0,1.0,1.0,1.0,0.0,0.0,0.0,0.0,0.0
207,24.0,8.0,0.0,0.0,0.0,0.0,3.0,0.0,1.0,1.0,0.0,0.0,0.0,0.0,0.0,2.0,0.0,0.0,1.0,0.0,0.0,1.0,1.0,0.0,0.0,0.0,0.0,0.0,2.0,0.0,0.0,0.0,0.0,0.0,0.0,0.0,0.0,0.0,0.0,0.0
208,24.0,9.0,10.0,0.0,8.0,3.0,30.0,17.0,5.0,5.0,1.0,0.0,1.0,1.0,3.0,5.0,0.0,1.0,3.0,1.0,1.0,4.0,38.0,11.0,0.0,0.0,0.0,0.0,0.0,0.0,0.0,6.0,0.0,0.0,0.0,0.0,0.0,0.0,0.0,0.0
209,24.0,10.0,4.0,1.0,1.0,0.0,48.0,28.0,13.0,4.0,1.0,0.0,0.0,1.0,25.0,13.0,1.0,1.0,0.0,3.0,10.0,2.0,28.0,8.0,1.0,0.0,0.0,0.0,0.0,0.0,1.0,0.0,0.0,0.0,0.0,1.0,0.0,0.0,1.0,0.0
210,24.0,11.0,7.0,1.0,9.0,3.0,27.0,30.0,9.0,8.0,2.0,0.0,1.0,0.0,9.0,11.0,0.0,1.0,6.0,1.0,1.0,10.0,35.0,42.0,0.0,0.0,1.0,0.0,0.0,0.0,0.0,5.0,2.0,0.0,0.0,0.0,0.0,0.0,0.0,0.0
211,24.0,12.0,5.0,0.0,0.0,0.0,19.0,25.0,6.0,5.0,1.0,0.0,1.0,0.0,4.0,15.0,0.0,0.0,2.0,0.0,1.0,0.0,35.0,21.0,0.0,0.0,0.0,0.0,0.0,0.0,0.0,0.0,0.0,0.0,0.0,0.0,0.0,0.0,0.0,1.0
212,24.0,13.0,0.0,0.0,0.0,0.0,0.0,0.0,0.0,0.0,0.0,0.0,0.0,0.0,1.0,0.0,0.0,0.0,0.0,0.0,0.0,1.0,1.0,0.0,0.0,0.0,0.0,0.0,0.0,0.0,0.0,0.0,0.0,0.0,0.0,0.0,0.0,0.0,0.0,0.0
213,24.0,14.0,6.0,0.0,1.0,1.0,18.0,10.0,5.0,7.0,1.0,0.0,0.0,2.0,3.0,4.0,0.0,1.0,6.0,0.0,2.0,3.0,22.0,3.0,1.0,0.0,0.0,0.0,2.0,0.0,0.0,1.0,1.0,0.0,0.0,0.0,0.0,0.0,0.0,0.0
214,24.0,15.0,16.0,0.0,7.0,3.0,33.0,12.0,16.0,23.0,9.0,0.0,1.0,0.0,9.0,30.0,2.0,0.0,14.0,0.0,37.0,9.0,11.0,5.0,0.0,0.0,0.0,0.0,1.0,0.0,1.0,3.0,0.0,1.0,2.0,0.0,0.0,0.0,1.0,1.0
215,24.0,16.0,16.0,10.0,1.0,5.0,24.0,6.0,10.0,27.0,2.0,0.0,1.0,3.0,26.0,34.0,0.0,0.0,11.0,3.0,15.0,3.0,4.0,1.0,0.0,0.0,2.0,0.0,0.0,0.0,0.0,1.0,0.0,0.0,2.0,0.0,0.0,0.0,0.0,6.0
216,24.0,17.0,0.0,0.0,0.0,0.0,0.0,0.0,0.0,0.0,0.0,0.0,0.0,0.0,0.0,0.0,0.0,0.0,0.0,0.0,0.0,0.0,0.0,0.0,0.0,0.0,0.0,0.0,0.0,0.0,0.0,0.0,0.0,0.0,0.0,0.0,0.0,0.0,0.0,0.0
217,24.0,18.0,0.0,0.0,0.0,0.0,0.0,0.0,0.0,0.0,0.0,0.0,0.0,0.0,0.0,0.0,0.0,0.0,0.0,0.0,0.0,0.0,0.0,0.0,0.0,0.0,0.0,0.0,0.0,0.0,0.0,0.0,0.0,0.0,0.0,0.0,0.0,0.0,0.0,0.0
218,24.0,19.0,17.0,0.0,2.0,4.0,16.0,1.0,14.0,15.0,0.0,0.0,0.0,0.0,15.0,11.0,1.0,0.0,7.0,3.0,4.0,13.0,4.0,0.0,0.0,0.0,1.0,0.0,0.0,0.0,1.0,4.0,0.0,1.0,1.0,0.0,0.0,0.0,0.0,1.0
219,24.0,20.0,24.0,3.0,2.0,10.0,15.0,1.0,12.0,10.0,1.0,0.0,0.0,6.0,21.0,25.0,0.0,2.0,0.0,0.0,6.0,2.0,3.0,0.0,1.0,0.0,1.0,0.0,0.0,0.0,0.0,0.0,0.0,0.0,4.0,0.0,0.0,0.0,1.0,5.0
