,fov,spot-id=1,spot-id=2,spot-id=3,spot-id=4,spot-id=5,spot-id=6,spot-id=7,spot-id=8,spot-id=9
0,100,146,144,134,146,129,106,115,122,109
1,101,133,115,129,51,72,80,163,136,161
2,102,185,132,160,118,75,136,227,115,129
3,103,255,147,122,146,146,152,155,165,156
4,104,185,150,112,134,121,147,115,99,116
5,105,131,120,97,143,147,144,137,128,132
6,106,119,132,132,98,100,109,30,28,111
7,107,186,152,128,211,155,133,191,159,158
8,108,170,166,162,177,135,144,163,174,171
9,109,126,121,190,122,139,165,125,145,145
10,10,116,119,106,104,105,70,132,123,94
11,110,184,159,162,157,137,122,162,124,172
12,111,177,119,120,97,121,101,178,183,182
13,112,178,166,187,120,141,156,166,147,142
14,113,165,149,161,119,110,122,145,125,140
15,114,152,151,172,124,102,97,110,133,142
16,115,146,131,121,128,123,144,127,121,114
17,116,135,106,132,120,123,112,141,129,110
18,117,145,145,135,124,111,115,135,148,144
19,118,121,121,146,84,98,78,141,119,126
20,119,127,139,147,148,102,126,120,108,135
21,11,115,96,69,122,89,89,115,85,97
22,120,137,111,112,115,114,116,151,127,116
23,121,110,113,122,139,127,125,167,127,121
24,122,174,130,161,137,111,124,126,101,131
25,123,156,123,117,143,124,122,147,150,113
26,125,174,196,163,135,155,118,162,134,146
27,126,155,153,130,107,131,133,150,112,112
28,127,119,94,133,10,56,106,3,6,51
29,128,180,151,128,152,123,121,158,116,145
30,129,124,112,127,178,174,118,136,149,127
31,12,114,142,114,97,86,100,105,110,101
32,130,152,112,128,170,128,174,144,156,172
33,131,144,181,175,157,124,125,193,158,160
34,132,149,152,124,172,149,126,157,117,128
35,133,150,149,167,157,110,130,146,134,120
36,134,141,129,195,117,134,141,150,120,163
37,135,171,155,152,132,147,135,125,135,138
38,136,136,114,168,81,134,151,157,136,153
39,137,127,148,185,143,129,107,148,167,131
40,138,146,121,126,127,142,128,139,128,119
41,139,137,132,157,117,101,111,118,116,127
42,13,123,113,116,110,96,96,107,97,127
43,140,138,144,144,126,138,150,130,141,159
44,141,151,166,197,108,114,107,132,134,146
45,142,141,120,148,140,142,154,139,121,135
46,143,175,128,121,110,97,155,130,130,133
47,144,145,153,136,143,115,149,148,150,128
48,145,150,139,117,133,125,127,163,150,169
49,146,174,136,155,127,134,133,138,135,129
50,147,125,117,185,126,106,122,134,107,104
51,148,164,161,136,119,60,148,67,81,127
52,149,116,133,109,128,131,138,153,113,161
53,14,107,109,132,144,110,127,65,97,130
54,150,144,165,138,116,103,131,165,118,155
55,151,176,200,164,159,148,157,178,140,142
56,152,176,144,175,142,146,151,157,149,135
57,153,118,91,120,141,131,118,151,148,160
58,154,154,149,179,139,143,162,120,120,154
59,155,177,131,176,175,137,165,201,123,181
60,156,160,170,198,155,138,160,153,132,125
61,157,182,154,138,170,181,134,170,121,139
62,158,177,116,160,142,135,188,137,153,147
63,159,158,126,129,117,115,135,134,109,117
64,15,63,100,122,24,78,117,0,30,59
65,160,105,126,112,131,135,115,153,131,123
66,161,143,125,162,145,149,146,117,129,151
67,162,160,160,132,96,109,81,132,64,57
68,164,135,126,136,144,125,151,123,144,178
69,165,111,189,195,154,109,147,146,134,147
70,166,190,169,144,139,161,151,174,160,156
71,167,159,138,176,162,127,140,143,117,111
72,168,133,154,136,120,117,116,119,128,156
73,169,158,132,142,133,148,89,123,80,136
74,16,167,196,192,144,169,141,150,184,194
75,170,130,121,138,101,112,135,121,140,105
76,172,151,149,164,143,119,131,141,158,118
77,173,149,175,160,164,202,138,147,118,155
78,175,179,155,165,157,159,168,160,174,175
79,176,128,100,119,123,148,139,161,145,157
80,177,185,159,197,182,146,142,173,138,146
81,178,129,195,155,111,150,147,111,141,172
82,17,147,189,206,151,168,176,139,146,154
83,180,153,175,201,142,130,174,155,127,122
84,181,149,150,137,168,156,146,168,156,149
85,182,174,157,147,132,118,155,112,132,151
86,183,125,117,177,123,125,141,129,125,142
87,184,113,122,137,103,118,105,218,175,96
88,185,172,110,75,92,67,109,31,103,110
89,187,50,46,92,113,32,97,163,47,81
90,189,174,162,164,183,128,115,190,179,105
91,18,105,107,114,110,102,97,152,125,117
92,190,190,138,128,156,119,130,162,156,137
93,191,134,121,154,119,109,121,125,113,138
94,192,120,102,170,133,123,107,149,94,133
95,193,102,82,147,121,181,105,120,144,149
96,194,155,128,121,157,88,76,109,89,88
97,195,154,98,109,123,96,105,131,186,127
98,196,161,179,144,199,153,190,178,139,147
99,197,210,179,156,145,135,183,199,166,145
100,198,165,137,109,204,160,148,190,201,200
101,199,104,118,100,138,142,147,158,191,136
102,19,137,127,116,117,110,107,101,107,87
103,200,178,188,140,170,142,100,154,151,126
104,202,188,181,146,114,150,179,145,154,199
105,203,194,196,149,222,153,152,174,133,117
106,204,168,176,146,140,134,136,153,136,138
107,205,204,140,120,123,132,107,171,136,148
108,206,149,152,149,157,153,145,154,135,125
109,207,200,112,152,106,102,112,71,108,110
110,208,112,84,106,145,147,128,99,95,142
111,209,127,142,128,127,113,139,98,95,158
112,20,105,76,94,90,108,151,180,172,154
113,210,101,126,173,145,147,162,133,130,131
114,211,216,139,139,146,110,62,169,111,85
115,212,108,64,71,126,151,124,133,134,122
116,213,159,188,120,146,122,86,140,116,111
117,214,132,155,163,132,129,124,128,111,167
118,215,169,88,130,150,87,106,119,101,129
119,216,72,133,194,96,101,98,90,63,49
120,218,54,72,52,146,98,103,80,57,69
121,219,143,101,56,161,168,140,175,164,156
122,220,206,159,156,202,117,104,174,140,201
123,221,142,136,143,152,170,176,172,164,193
124,222,121,106,127,175,155,215,181,131,181
125,223,191,171,205,193,163,183,155,167,173
126,224,197,150,191,181,145,160,144,153,185
127,225,169,185,154,166,173,164,186,181,156
128,226,171,167,143,131,144,155,140,143,147
129,227,162,117,119,151,118,137,148,130,161
130,228,208,151,164,129,131,123,126,135,142
131,229,138,126,135,115,108,102,113,162,147
132,22,176,155,149,137,141,109,94,130,137
133,230,128,132,161,123,111,136,117,108,99
134,231,138,106,133,132,119,138,161,105,125
135,232,177,112,131,135,125,102,142,145,114
136,234,85,104,123,106,104,134,114,108,131
137,235,67,34,53,110,44,60,150,113,135
138,236,151,147,187,136,145,139,131,129,123
139,237,154,101,97,190,147,152,138,116,143
140,238,152,114,151,152,121,124,134,164,138
141,239,158,117,120,134,129,108,134,115,146
142,23,114,87,82,80,88,73,94,93,96
143,240,102,122,145,107,108,144,122,118,150
144,241,182,167,127,150,159,158,153,160,149
145,242,200,147,182,133,143,202,191,203,242
146,243,175,153,157,192,129,110,199,139,140
147,244,182,180,160,167,224,228,187,191,254
148,245,166,165,184,170,137,170,196,166,159
149,246,180,166,191,154,159,181,165,153,168
150,247,145,155,141,143,125,105,183,112,109
151,248,151,127,127,131,105,81,191,114,111
152,249,173,156,128,131,93,109,115,119,132
153,24,125,84,137,96,88,105,96,109,130
154,250,137,135,127,136,116,169,135,126,138
155,251,136,142,149,178,153,186,155,134,131
156,252,153,163,139,125,138,114,138,141,143
157,253,131,127,122,120,118,114,144,65,102
158,254,104,100,95,107,139,133,107,146,137
159,255,115,186,174,122,130,155,65,109,152
160,256,50,80,35,41,7,109,153,174,156
161,257,137,185,165,169,159,164,161,157,194
162,258,167,157,182,145,137,154,185,102,168
163,259,139,113,150,133,125,73,140,157,108
164,25,120,117,123,112,98,95,82,90,110
165,260,175,141,200,140,145,155,129,132,150
166,261,134,143,147,158,131,157,134,152,133
167,262,106,79,74,127,107,135,164,121,179
168,263,158,129,126,224,108,129,187,164,112
169,264,167,176,149,160,163,156,163,143,143
170,265,135,114,135,100,142,96,140,142,102
171,266,141,154,117,131,141,126,91,130,136
172,267,153,130,134,144,117,98,105,95,117
173,268,97,70,74,140,131,115,133,141,119
174,269,173,122,157,177,189,149,137,149,142
175,26,132,118,116,107,112,89,86,103,110
176,270,153,125,163,224,197,260,177,222,207
177,271,125,143,151,113,115,137,136,129,129
178,272,103,110,119,118,136,115,132,98,98
179,273,126,125,126,130,154,127,148,160,112
180,274,151,178,170,158,172,183,175,174,209
181,275,102,137,200,78,122,144,158,96,101
182,276,184,132,111,155,125,98,208,151,129
183,277,206,183,134,189,146,133,195,147,148
184,278,190,152,126,136,137,149,91,45,174
185,279,167,59,91,145,82,20,130,91,20
186,27,88,116,130,90,90,106,140,138,119
187,280,180,177,184,146,205,216,175,187,187
188,281,170,128,51,142,142,81,128,126,96
189,282,155,125,121,152,160,87,142,153,127
190,283,155,134,129,120,95,121,128,126,141
191,284,147,109,170,127,94,150,100,85,97
192,285,81,81,143,52,73,136,109,114,107
193,286,102,80,105,117,122,114,132,88,139
194,287,171,118,158,141,119,124,143,103,133
195,288,120,122,142,227,120,128,199,137,112
196,289,121,122,146,121,100,130,125,100,154
197,28,128,118,114,109,96,118,151,123,151
198,290,118,131,114,92,142,97,95,102,103
199,291,142,139,144,146,130,124,138,156,139
200,292,136,121,111,141,175,162,186,222,203
201,294,133,92,127,88,108,131,68,114,145
202,295,102,121,125,159,134,183,125,111,164
203,296,112,103,130,124,65,148,159,175,159
204,297,192,177,192,168,165,178,19,91,196
205,298,157,76,28,214,195,162,155,196,148
206,29,145,148,121,134,102,140,159,144,99
207,300,100,190,155,118,155,157,124,123,146
208,301,153,123,144,161,116,133,115,112,118
209,302,152,147,132,119,130,129,122,142,142
210,303,128,124,153,108,106,167,103,143,169
211,304,157,135,172,138,116,163,174,142,130
212,305,164,129,135,141,134,142,141,114,117
213,306,132,93,100,117,85,105,125,81,122
214,307,103,102,141,116,123,132,159,114,152
215,308,126,118,165,131,127,112,155,115,188
216,309,201,146,157,145,146,155,154,136,108
217,30,135,135,67,76,38,102,16,68,117
218,310,138,115,126,129,112,118,139,143,176
219,311,146,190,182,145,179,156,142,177,171
220,312,128,152,168,129,159,216,139,159,205
221,313,118,205,230,164,190,205,229,247,228
222,314,200,254,271,166,165,203,168,178,188
223,315,191,149,164,177,142,184,126,115,136
224,317,132,100,31,153,96,38,115,122,93
225,318,160,106,126,126,83,72,118,129,103
226,319,164,122,113,156,127,146,159,110,153
227,31,50,41,86,166,150,112,175,170,209
228,321,219,105,144,200,113,118,153,148,80
229,323,132,77,62,68,53,53,113,74,52
230,324,118,100,108,132,136,115,131,124,125
231,325,144,138,119,159,157,110,150,153,147
232,326,208,147,155,177,155,176,121,134,181
233,327,136,111,182,163,118,112,158,142,111
234,328,189,141,151,145,150,169,176,162,173
235,329,178,125,154,172,180,172,169,136,154
236,32,192,188,193,182,174,157,170,180,185
237,330,183,184,173,220,140,137,286,181,191
238,331,216,203,175,193,199,156,201,198,190
239,335,154,110,76,145,170,91,146,180,97
240,336,145,122,117,130,132,85,155,140,80
241,337,142,115,51,183,114,27,85,57,31
242,338,46,62,42,62,64,39,27,33,50
243,339,101,102,147,110,87,126,138,105,109
244,33,205,169,138,157,148,145,123,127,158
245,340,130,174,120,121,123,130,155,184,197
246,341,129,131,141,177,140,163,189,185,204
247,343,183,161,158,189,154,135,204,168,153
248,344,226,175,171,170,149,180,162,154,155
249,345,127,193,155,137,184,148,69,183,160
250,347,59,103,190,63,139,184,81,191,198
251,349,103,153,123,131,100,96,157,107,81
252,34,150,154,137,137,106,101,140,106,112
253,350,145,107,69,140,152,123,179,145,146
254,351,180,163,178,172,213,188,197,175,206
255,352,214,179,190,171,174,174,168,166,152
256,353,195,198,162,201,196,177,192,239,221
257,354,169,207,208,141,172,179,142,152,117
258,355,181,82,42,165,132,131,235,200,83
259,356,234,199,84,170,127,143,111,94,98
260,357,75,68,95,36,67,144,41,56,157
261,358,56,59,197,40,90,176,89,82,174
262,359,131,66,161,158,17,92,160,14,15
263,35,134,108,103,136,98,84,112,101,152
264,360,185,73,1,173,115,34,205,178,106
265,361,185,177,164,191,172,171,146,163,156
266,365,82,73,75,101,138,134,74,132,219
267,366,134,135,324,148,205,271,151,239,276
268,367,228,309,271,364,296,279,391,349,301
269,368,313,276,334,250,267,255,127,252,216
270,36,161,167,169,202,205,177,187,171,174
271,370,85,2,17,136,103,92,180,56,3
272,373,101,128,170,165,88,178,250,174,163
273,374,289,291,181,277,257,283,281,252,287
274,375,256,220,231,246,219,233,224,228,135
275,376,137,121,44,89,77,2,54,1,0
276,378,240,152,75,172,91,143,155,62,190
277,379,144,174,170,132,132,127,105,149,79
278,37,151,151,176,166,107,126,137,137,151
279,383,91,71,34,97,42,16,25,1,0
280,38,136,124,114,115,128,104,144,110,126
281,39,112,115,110,116,115,131,74,114,120
282,3,164,139,124,128,109,143,156,103,114
283,40,133,101,103,156,80,83,147,89,102
284,41,129,129,122,147,87,122,111,102,181
285,42,109,149,128,105,129,82,110,100,114
286,43,101,116,156,104,127,121,108,95,128
287,44,106,128,134,136,122,163,134,148,129
288,45,125,146,127,127,84,99,98,120,119
289,46,118,124,132,154,102,90,128,139,111
290,47,107,136,115,105,60,109,11,51,101
291,48,32,102,147,166,127,132,124,73,124
292,49,53,121,172,170,186,166,194,169,134
293,4,134,104,132,80,118,141,112,117,120
294,50,203,192,192,156,141,106,198,133,139
295,51,193,176,128,147,135,119,138,127,140
296,52,136,132,144,148,156,124,144,114,110
297,53,106,93,113,114,191,156,178,201,159
298,54,224,185,196,184,155,176,227,179,159
299,55,197,165,159,174,133,172,120,127,152
300,56,95,92,99,141,144,138,109,124,92
301,57,144,127,138,100,85,138,146,117,125
302,58,148,118,139,85,80,96,114,120,146
303,59,139,120,106,125,109,150,159,134,104
304,60,121,144,119,132,122,97,144,127,95
305,61,142,118,135,141,86,115,117,141,98
306,62,158,152,82,132,144,107,134,145,49
307,64,71,130,153,102,116,116,148,126,142
308,65,136,126,152,130,125,108,121,83,142
309,66,121,147,167,78,161,192,1,116,162
310,67,171,169,204,156,153,156,165,119,160
311,68,154,185,186,179,180,178,164,157,166
312,69,164,183,171,150,127,104,139,135,121
313,6,84,86,132,110,140,101,120,127,147
314,70,184,165,181,148,165,146,151,166,150
315,71,161,125,153,134,147,140,94,90,106
316,72,128,133,164,168,163,159,150,125,140
317,73,209,178,200,171,187,203,162,149,145
318,74,181,164,119,135,158,143,149,109,176
319,75,119,131,162,126,84,113,108,126,124
320,76,128,125,123,127,115,134,132,121,132
321,77,121,113,177,113,117,106,129,94,121
322,78,138,109,131,116,77,151,107,97,107
323,79,105,103,130,122,117,134,104,109,161
324,7,149,151,175,102,164,121,111,95,121
325,80,136,146,124,128,136,111,112,107,143
326,81,131,132,143,101,110,60,24,5,53
327,82,60,106,136,134,147,139,156,133,169
328,83,182,190,151,114,173,133,136,125,137
329,84,119,144,154,148,98,122,145,142,162
330,85,175,159,132,179,101,116,157,122,132
331,87,202,168,156,166,171,162,175,166,188
332,88,174,136,181,175,124,157,151,167,139
333,89,161,145,138,127,130,146,171,130,154
334,8,101,88,110,107,89,86,98,103,98
335,90,175,125,184,129,168,133,140,159,120
336,91,161,165,157,123,95,106,125,139,165
337,92,180,165,157,168,142,187,155,166,178
338,93,177,150,151,167,129,141,174,143,140
339,94,161,148,139,138,150,141,192,170,153
340,95,115,168,160,84,126,124,120,112,120
341,96,143,111,111,120,110,113,150,113,99
342,97,128,160,122,104,118,130,173,122,106
343,98,110,116,132,111,89,131,125,94,132
344,99,110,143,149,147,154,152,146,128,113
345,9,115,83,102,132,89,107,105,129,85
346,124,141,143,157,154,146,114,156,156,128
347,163,150,124,41,132,156,113,127,146,108
348,171,73,144,124,1,47,87,1,4,45
349,174,155,123,176,150,108,171,148,137,146
350,179,152,127,185,117,141,144,152,131,149
351,186,49,73,127,64,71,134,67,45,74
352,1,13,62,88,62,109,126,109,125,167
353,201,136,137,155,136,136,172,157,103,100
354,217,101,57,86,71,71,139,76,120,92
355,21,184,189,171,146,136,141,174,159,121
356,233,164,128,102,117,131,132,134,83,89
357,293,161,187,145,131,120,109,111,116,117
358,2,153,117,164,160,168,192,160,136,116
359,316,82,60,69,96,47,103,115,79,33
360,320,154,128,142,119,80,143,161,96,132
361,332,141,183,179,149,124,80,115,17,6
362,334,116,92,113,103,120,93,154,127,61
363,342,190,185,196,155,171,195,153,153,184
364,348,64,159,195,89,160,195,111,155,161
365,362,181,149,158,172,146,85,53,38,2
366,363,27,50,54,2,23,32,70,44,58
367,369,24,114,61,4,8,1,6,0,0
368,372,112,69,49,133,85,112,92,82,140
369,377,35,146,87,169,210,125,211,208,118
370,382,154,165,62,143,134,32,193,145,13
371,63,111,110,16,129,54,98,91,60,167
372,86,111,96,108,6,44,84,0,1,17
373,188,198,138,132,163,174,47,162,129,106
374,299,59,111,100,93,96,111,37,82,104
375,322,123,117,151,114,76,130,64,87,104
376,333,66,52,21,79,68,32,100,82,33
377,346,78,58,82,52,111,56,50,93,95
378,364,42,75,61,157,81,86,118,77,77
379,371,12,0,0,30,15,13,86,73,43
380,380,90,86,32,94,27,0,17,0,0
381,381,7,8,0,73,102,41,152,143,77
382,5,90,85,133,65,58,61,58,55,95
