,fov,spot_id,B-cell,NK,T CD4 memory,T CD4 naive,T CD8 memory,T CD8 naive,Treg,endothelial,epithelial,fibroblast,mDC,macrophage,mast,monocyte,neutrophil,pDC,plasmablast,tumor 12,tumor 13,tumor 5,tumor 6,tumor 9
0,1.0,1.0,0.0,1.0,1.0,0.0,0.0,0.0,0.0,2.0,2.0,1.0,0.0,0.0,0.0,0.0,14.0,1.0,0.0,3.0,1.0,0.0,0.0,57.0
1,1.0,2.0,6.0,4.0,1.0,1.0,0.0,4.0,2.0,5.0,4.0,0.0,0.0,1.0,4.0,1.0,34.0,0.0,0.0,2.0,1.0,1.0,1.0,52.0
2,1.0,3.0,3.0,4.0,4.0,1.0,2.0,2.0,0.0,3.0,2.0,2.0,1.0,0.0,0.0,0.0,16.0,0.0,0.0,1.0,2.0,2.0,0.0,85.0
3,1.0,4.0,1.0,1.0,0.0,0.0,1.0,0.0,0.0,5.0,3.0,1.0,0.0,2.0,1.0,1.0,3.0,0.0,1.0,2.0,1.0,0.0,1.0,93.0
4,1.0,5.0,1.0,3.0,4.0,1.0,3.0,1.0,6.0,8.0,0.0,1.0,0.0,0.0,0.0,0.0,8.0,6.0,14.0,0.0,0.0,0.0,2.0,112.0
5,1.0,6.0,3.0,4.0,2.0,3.0,0.0,4.0,0.0,4.0,1.0,0.0,0.0,0.0,1.0,0.0,41.0,0.0,1.0,2.0,2.0,1.0,0.0,118.0
6,1.0,7.0,1.0,6.0,0.0,2.0,2.0,4.0,2.0,4.0,0.0,0.0,0.0,1.0,1.0,0.0,44.0,0.0,0.0,4.0,0.0,0.0,0.0,50.0
7,1.0,8.0,3.0,4.0,2.0,3.0,1.0,1.0,2.0,4.0,2.0,0.0,0.0,0.0,2.0,2.0,35.0,0.0,0.0,6.0,0.0,0.0,1.0,23.0
8,1.0,9.0,0.0,0.0,0.0,0.0,1.0,0.0,1.0,2.0,3.0,0.0,0.0,0.0,0.0,0.0,4.0,0.0,0.0,0.0,0.0,0.0,1.0,130.0
9,1.0,10.0,2.0,3.0,5.0,0.0,6.0,1.0,6.0,1.0,3.0,2.0,0.0,1.0,0.0,1.0,5.0,4.0,13.0,0.0,0.0,0.0,0.0,141.0
10,1.0,11.0,1.0,2.0,2.0,0.0,0.0,0.0,9.0,3.0,8.0,3.0,0.0,1.0,1.0,0.0,1.0,3.0,9.0,1.0,1.0,0.0,1.0,168.0
11,1.0,12.0,0.0,5.0,1.0,2.0,1.0,2.0,2.0,6.0,6.0,2.0,0.0,1.0,0.0,0.0,27.0,7.0,10.0,3.0,0.0,0.0,1.0,96.0
12,1.0,13.0,0.0,0.0,5.0,0.0,0.0,0.0,3.0,5.0,0.0,1.0,1.0,3.0,0.0,0.0,4.0,1.0,5.0,0.0,1.0,0.0,0.0,131.0
13,1.0,14.0,0.0,2.0,2.0,0.0,4.0,0.0,1.0,1.0,1.0,1.0,0.0,0.0,0.0,0.0,4.0,2.0,0.0,0.0,2.0,0.0,0.0,157.0
14,1.0,15.0,1.0,1.0,8.0,0.0,7.0,2.0,3.0,5.0,3.0,8.0,0.0,0.0,4.0,0.0,5.0,4.0,3.0,0.0,3.0,0.0,0.0,130.0
15,1.0,16.0,1.0,1.0,2.0,1.0,2.0,0.0,0.0,1.0,3.0,0.0,0.0,0.0,0.0,0.0,11.0,0.0,2.0,0.0,0.0,3.0,0.0,193.0
16,1.0,17.0,1.0,1.0,13.0,2.0,5.0,5.0,4.0,8.0,1.0,9.0,0.0,4.0,0.0,0.0,4.0,0.0,3.0,0.0,2.0,0.0,0.0,101.0
17,1.0,18.0,0.0,0.0,1.0,0.0,2.0,0.0,9.0,4.0,1.0,1.0,0.0,2.0,1.0,0.0,2.0,5.0,5.0,0.0,1.0,0.0,0.0,172.0
18,1.0,19.0,1.0,1.0,10.0,0.0,1.0,0.0,3.0,9.0,1.0,13.0,0.0,5.0,0.0,0.0,0.0,3.0,12.0,0.0,0.0,0.0,0.0,155.0
19,1.0,20.0,0.0,0.0,1.0,0.0,0.0,0.0,0.0,0.0,0.0,0.0,0.0,0.0,0.0,0.0,1.0,0.0,0.0,0.0,0.0,0.0,0.0,172.0
20,2.0,1.0,1.0,11.0,12.0,1.0,7.0,3.0,8.0,10.0,6.0,12.0,2.0,4.0,2.0,2.0,7.0,2.0,4.0,0.0,3.0,0.0,0.0,61.0
21,2.0,2.0,0.0,0.0,0.0,0.0,2.0,0.0,1.0,0.0,2.0,0.0,0.0,1.0,0.0,0.0,0.0,0.0,0.0,0.0,1.0,1.0,0.0,156.0
22,2.0,3.0,0.0,0.0,0.0,0.0,2.0,1.0,1.0,0.0,1.0,0.0,0.0,0.0,0.0,0.0,0.0,0.0,0.0,0.0,0.0,0.0,0.0,169.0
23,2.0,4.0,0.0,0.0,0.0,0.0,0.0,0.0,0.0,0.0,0.0,0.0,0.0,0.0,0.0,0.0,0.0,0.0,0.0,0.0,0.0,1.0,1.0,115.0
24,2.0,5.0,1.0,3.0,10.0,0.0,2.0,1.0,1.0,10.0,0.0,11.0,0.0,4.0,0.0,0.0,3.0,1.0,3.0,0.0,0.0,0.0,0.0,95.0
25,2.0,6.0,0.0,0.0,0.0,0.0,0.0,0.0,0.0,1.0,0.0,0.0,0.0,1.0,0.0,0.0,2.0,0.0,0.0,0.0,0.0,0.0,0.0,181.0
26,2.0,7.0,0.0,0.0,0.0,1.0,0.0,0.0,1.0,1.0,1.0,0.0,0.0,0.0,0.0,0.0,0.0,0.0,0.0,0.0,0.0,0.0,0.0,140.0
27,2.0,8.0,0.0,0.0,13.0,0.0,0.0,0.0,1.0,11.0,0.0,12.0,0.0,5.0,1.0,0.0,0.0,2.0,2.0,0.0,1.0,0.0,0.0,119.0
28,2.0,9.0,0.0,0.0,0.0,0.0,0.0,0.0,0.0,0.0,0.0,0.0,0.0,1.0,0.0,0.0,1.0,0.0,0.0,0.0,0.0,0.0,0.0,148.0
29,2.0,10.0,0.0,0.0,5.0,0.0,1.0,0.0,0.0,3.0,1.0,4.0,1.0,0.0,0.0,0.0,2.0,0.0,0.0,0.0,1.0,0.0,2.0,139.0
30,2.0,11.0,0.0,0.0,2.0,0.0,0.0,0.0,0.0,0.0,0.0,0.0,0.0,0.0,0.0,0.0,0.0,0.0,0.0,0.0,0.0,0.0,0.0,179.0
31,2.0,12.0,0.0,0.0,7.0,1.0,11.0,1.0,5.0,5.0,0.0,8.0,0.0,3.0,0.0,0.0,0.0,0.0,0.0,0.0,0.0,0.0,0.0,164.0
32,2.0,13.0,0.0,0.0,1.0,0.0,0.0,0.0,0.0,2.0,0.0,1.0,0.0,2.0,0.0,0.0,1.0,1.0,0.0,0.0,0.0,0.0,0.0,129.0
33,2.0,14.0,1.0,2.0,19.0,1.0,2.0,3.0,13.0,12.0,1.0,20.0,1.0,4.0,1.0,0.0,3.0,6.0,45.0,0.0,2.0,0.0,0.0,74.0
34,2.0,15.0,0.0,2.0,3.0,0.0,2.0,0.0,1.0,2.0,0.0,14.0,0.0,7.0,0.0,1.0,0.0,2.0,6.0,0.0,1.0,0.0,0.0,162.0
35,2.0,16.0,0.0,3.0,4.0,0.0,2.0,0.0,0.0,3.0,0.0,15.0,1.0,3.0,0.0,0.0,0.0,1.0,3.0,0.0,0.0,0.0,0.0,168.0
36,2.0,17.0,2.0,1.0,0.0,0.0,1.0,0.0,0.0,1.0,1.0,0.0,0.0,0.0,0.0,0.0,21.0,0.0,0.0,1.0,0.0,1.0,1.0,70.0
37,2.0,18.0,0.0,0.0,1.0,0.0,0.0,0.0,1.0,0.0,0.0,1.0,0.0,1.0,0.0,0.0,0.0,1.0,10.0,0.0,0.0,0.0,0.0,164.0
38,2.0,19.0,1.0,1.0,18.0,1.0,1.0,1.0,11.0,8.0,0.0,34.0,0.0,3.0,2.0,0.0,1.0,17.0,61.0,0.0,1.0,0.0,0.0,81.0
39,2.0,20.0,2.0,3.0,21.0,1.0,2.0,4.0,4.0,16.0,2.0,36.0,0.0,10.0,7.0,2.0,5.0,8.0,14.0,0.0,1.0,0.0,0.0,96.0
40,3.0,1.0,1.0,1.0,0.0,2.0,0.0,0.0,1.0,3.0,2.0,0.0,0.0,0.0,0.0,0.0,9.0,0.0,0.0,0.0,0.0,1.0,1.0,117.0
41,3.0,2.0,0.0,0.0,0.0,0.0,0.0,0.0,0.0,0.0,0.0,0.0,0.0,0.0,0.0,0.0,2.0,0.0,0.0,0.0,0.0,0.0,0.0,169.0
42,3.0,3.0,0.0,0.0,14.0,1.0,3.0,0.0,0.0,12.0,0.0,35.0,0.0,6.0,3.0,0.0,0.0,0.0,0.0,0.0,0.0,0.0,1.0,150.0
43,3.0,4.0,1.0,0.0,11.0,0.0,3.0,0.0,9.0,1.0,1.0,4.0,0.0,7.0,0.0,0.0,0.0,4.0,15.0,0.0,0.0,0.0,0.0,160.0
44,3.0,5.0,0.0,0.0,4.0,0.0,2.0,0.0,2.0,6.0,0.0,5.0,0.0,2.0,0.0,0.0,3.0,2.0,3.0,0.0,0.0,0.0,0.0,153.0
45,3.0,6.0,2.0,0.0,20.0,1.0,3.0,1.0,7.0,4.0,1.0,36.0,0.0,1.0,3.0,0.0,3.0,11.0,13.0,0.0,0.0,0.0,0.0,96.0
46,3.0,7.0,4.0,3.0,37.0,1.0,3.0,5.0,21.0,12.0,3.0,32.0,0.0,13.0,3.0,2.0,16.0,27.0,73.0,0.0,0.0,0.0,0.0,17.0
47,3.0,8.0,2.0,0.0,12.0,0.0,4.0,1.0,7.0,3.0,0.0,13.0,0.0,6.0,0.0,0.0,0.0,9.0,43.0,0.0,0.0,0.0,0.0,112.0
48,3.0,9.0,0.0,1.0,0.0,0.0,0.0,0.0,0.0,0.0,0.0,0.0,0.0,0.0,0.0,0.0,0.0,0.0,0.0,0.0,0.0,0.0,0.0,221.0
49,3.0,10.0,2.0,1.0,17.0,1.0,1.0,1.0,3.0,13.0,0.0,34.0,0.0,7.0,7.0,1.0,5.0,4.0,3.0,0.0,0.0,0.0,1.0,138.0
50,3.0,11.0,13.0,5.0,25.0,2.0,5.0,6.0,11.0,13.0,3.0,29.0,0.0,2.0,3.0,0.0,4.0,15.0,59.0,0.0,1.0,1.0,0.0,40.0
51,3.0,12.0,1.0,0.0,24.0,0.0,4.0,0.0,12.0,6.0,0.0,29.0,0.0,8.0,6.0,1.0,2.0,17.0,65.0,1.0,0.0,0.0,0.0,40.0
52,3.0,13.0,0.0,0.0,2.0,0.0,0.0,1.0,0.0,1.0,0.0,0.0,0.0,1.0,0.0,0.0,0.0,1.0,2.0,0.0,0.0,0.0,0.0,200.0
53,3.0,14.0,0.0,0.0,2.0,0.0,0.0,0.0,0.0,1.0,0.0,3.0,0.0,1.0,0.0,0.0,0.0,0.0,0.0,0.0,0.0,0.0,0.0,236.0
54,3.0,15.0,0.0,0.0,0.0,0.0,1.0,0.0,0.0,0.0,1.0,2.0,0.0,0.0,1.0,0.0,1.0,0.0,0.0,0.0,0.0,0.0,4.0,186.0
55,3.0,16.0,0.0,0.0,0.0,1.0,1.0,0.0,0.0,0.0,0.0,0.0,0.0,0.0,0.0,0.0,5.0,0.0,0.0,1.0,0.0,1.0,0.0,175.0
56,3.0,17.0,0.0,0.0,2.0,0.0,2.0,0.0,0.0,0.0,0.0,1.0,0.0,6.0,0.0,1.0,0.0,1.0,0.0,0.0,0.0,0.0,3.0,113.0
57,3.0,18.0,0.0,0.0,0.0,0.0,1.0,0.0,1.0,4.0,0.0,0.0,0.0,3.0,0.0,0.0,0.0,0.0,0.0,0.0,0.0,0.0,0.0,150.0
58,3.0,19.0,0.0,5.0,0.0,1.0,1.0,0.0,0.0,3.0,4.0,1.0,0.0,3.0,1.0,0.0,45.0,0.0,0.0,1.0,0.0,2.0,1.0,111.0
59,3.0,20.0,0.0,3.0,0.0,0.0,3.0,0.0,1.0,3.0,1.0,0.0,0.0,0.0,0.0,0.0,29.0,0.0,0.0,1.0,0.0,1.0,1.0,123.0
60,4.0,1.0,0.0,0.0,3.0,0.0,0.0,0.0,1.0,1.0,0.0,5.0,0.0,2.0,0.0,1.0,0.0,0.0,2.0,0.0,0.0,0.0,0.0,108.0
61,4.0,2.0,0.0,1.0,0.0,0.0,1.0,0.0,0.0,1.0,1.0,2.0,0.0,4.0,0.0,1.0,4.0,0.0,0.0,1.0,0.0,0.0,6.0,112.0
62,4.0,3.0,1.0,6.0,1.0,1.0,3.0,0.0,1.0,4.0,2.0,1.0,0.0,1.0,0.0,1.0,43.0,1.0,0.0,3.0,0.0,0.0,0.0,117.0
63,4.0,4.0,0.0,2.0,0.0,0.0,2.0,1.0,1.0,2.0,0.0,0.0,0.0,2.0,0.0,0.0,18.0,0.0,0.0,4.0,0.0,2.0,1.0,87.0
64,4.0,5.0,0.0,0.0,2.0,0.0,0.0,0.0,0.0,0.0,0.0,2.0,0.0,2.0,0.0,0.0,1.0,0.0,0.0,0.0,0.0,0.0,1.0,171.0
65,4.0,6.0,0.0,0.0,0.0,0.0,0.0,0.0,0.0,0.0,1.0,3.0,0.0,1.0,0.0,0.0,1.0,0.0,0.0,0.0,0.0,0.0,1.0,157.0
66,4.0,7.0,0.0,8.0,0.0,1.0,1.0,2.0,0.0,6.0,3.0,2.0,0.0,4.0,1.0,1.0,41.0,0.0,0.0,4.0,1.0,3.0,2.0,97.0
67,4.0,8.0,2.0,2.0,1.0,1.0,4.0,1.0,0.0,4.0,3.0,0.0,0.0,1.0,0.0,1.0,64.0,0.0,0.0,2.0,0.0,1.0,3.0,84.0
68,4.0,9.0,0.0,0.0,0.0,0.0,0.0,1.0,0.0,0.0,0.0,0.0,0.0,0.0,0.0,0.0,0.0,0.0,0.0,0.0,0.0,0.0,0.0,156.0
69,4.0,10.0,0.0,0.0,7.0,0.0,1.0,0.0,0.0,0.0,0.0,7.0,0.0,3.0,0.0,1.0,1.0,1.0,2.0,0.0,0.0,0.0,0.0,134.0
70,4.0,11.0,1.0,2.0,1.0,0.0,3.0,1.0,0.0,7.0,3.0,15.0,0.0,4.0,0.0,3.0,38.0,0.0,0.0,3.0,0.0,0.0,1.0,94.0
71,4.0,12.0,0.0,5.0,3.0,1.0,1.0,3.0,2.0,2.0,4.0,1.0,0.0,1.0,0.0,0.0,68.0,0.0,0.0,3.0,1.0,1.0,2.0,108.0
72,4.0,13.0,0.0,1.0,0.0,0.0,0.0,0.0,0.0,0.0,0.0,0.0,0.0,0.0,0.0,0.0,2.0,0.0,0.0,0.0,0.0,0.0,3.0,121.0
73,4.0,14.0,0.0,0.0,0.0,0.0,1.0,0.0,0.0,2.0,0.0,2.0,0.0,2.0,0.0,0.0,0.0,0.0,0.0,0.0,0.0,0.0,3.0,134.0
74,4.0,15.0,1.0,0.0,3.0,0.0,4.0,3.0,1.0,4.0,0.0,8.0,0.0,3.0,0.0,1.0,23.0,0.0,0.0,1.0,0.0,0.0,4.0,94.0
75,4.0,16.0,0.0,0.0,0.0,0.0,1.0,0.0,1.0,3.0,1.0,1.0,0.0,0.0,1.0,0.0,37.0,0.0,0.0,3.0,0.0,0.0,1.0,128.0
76,4.0,17.0,0.0,0.0,0.0,0.0,0.0,0.0,0.0,1.0,0.0,0.0,0.0,2.0,0.0,0.0,0.0,0.0,0.0,0.0,0.0,0.0,0.0,128.0
77,4.0,18.0,0.0,0.0,0.0,0.0,0.0,0.0,0.0,0.0,0.0,0.0,0.0,1.0,0.0,0.0,0.0,0.0,0.0,0.0,0.0,0.0,0.0,113.0
78,4.0,19.0,0.0,0.0,0.0,0.0,0.0,0.0,0.0,0.0,0.0,0.0,0.0,1.0,0.0,0.0,0.0,0.0,0.0,0.0,0.0,0.0,0.0,97.0
79,4.0,20.0,0.0,1.0,1.0,0.0,1.0,0.0,0.0,0.0,0.0,0.0,0.0,3.0,0.0,0.0,0.0,0.0,0.0,0.0,0.0,0.0,0.0,194.0
80,5.0,1.0,0.0,1.0,0.0,0.0,0.0,0.0,1.0,0.0,0.0,0.0,0.0,1.0,0.0,0.0,0.0,0.0,0.0,0.0,1.0,0.0,1.0,138.0
81,5.0,2.0,0.0,2.0,2.0,0.0,3.0,1.0,1.0,2.0,0.0,6.0,0.0,4.0,0.0,0.0,0.0,0.0,0.0,0.0,0.0,1.0,0.0,113.0
82,5.0,3.0,0.0,1.0,4.0,0.0,1.0,0.0,0.0,1.0,0.0,12.0,0.0,2.0,0.0,0.0,1.0,0.0,1.0,0.0,0.0,0.0,1.0,116.0
83,5.0,4.0,0.0,0.0,1.0,1.0,0.0,0.0,0.0,0.0,0.0,2.0,0.0,2.0,0.0,2.0,0.0,0.0,0.0,0.0,0.0,0.0,1.0,121.0
84,5.0,5.0,0.0,1.0,3.0,0.0,1.0,0.0,1.0,1.0,1.0,3.0,0.0,0.0,0.0,0.0,0.0,0.0,0.0,0.0,0.0,0.0,1.0,190.0
85,5.0,6.0,0.0,1.0,2.0,0.0,0.0,2.0,0.0,2.0,1.0,19.0,0.0,0.0,1.0,0.0,2.0,0.0,0.0,0.0,0.0,0.0,1.0,183.0
86,5.0,7.0,0.0,1.0,4.0,0.0,1.0,0.0,1.0,5.0,0.0,22.0,0.0,6.0,0.0,2.0,3.0,1.0,1.0,0.0,0.0,0.0,2.0,89.0
87,5.0,8.0,0.0,0.0,2.0,0.0,0.0,0.0,1.0,4.0,0.0,19.0,0.0,1.0,0.0,1.0,0.0,0.0,0.0,0.0,0.0,0.0,4.0,155.0
88,5.0,9.0,0.0,0.0,0.0,0.0,0.0,0.0,0.0,0.0,0.0,0.0,0.0,0.0,0.0,0.0,0.0,0.0,0.0,0.0,0.0,0.0,0.0,242.0
89,5.0,10.0,0.0,0.0,8.0,0.0,1.0,0.0,0.0,2.0,0.0,19.0,0.0,1.0,0.0,1.0,0.0,0.0,0.0,0.0,0.0,0.0,0.0,175.0
90,5.0,11.0,0.0,0.0,8.0,0.0,0.0,0.0,0.0,4.0,0.0,10.0,0.0,3.0,0.0,1.0,1.0,0.0,0.0,0.0,0.0,0.0,0.0,189.0
91,5.0,12.0,0.0,0.0,8.0,2.0,0.0,0.0,2.0,7.0,0.0,17.0,0.0,2.0,0.0,2.0,1.0,1.0,0.0,0.0,1.0,0.0,0.0,106.0
92,5.0,13.0,0.0,1.0,0.0,1.0,1.0,0.0,0.0,0.0,0.0,0.0,0.0,0.0,0.0,0.0,5.0,0.0,0.0,1.0,0.0,0.0,0.0,98.0
93,5.0,14.0,0.0,0.0,0.0,0.0,0.0,0.0,1.0,0.0,0.0,0.0,0.0,0.0,0.0,0.0,1.0,0.0,0.0,1.0,1.0,0.0,0.0,139.0
94,5.0,15.0,0.0,0.0,2.0,0.0,0.0,0.0,0.0,0.0,0.0,4.0,0.0,0.0,0.0,0.0,0.0,0.0,0.0,0.0,0.0,0.0,0.0,249.0
95,5.0,16.0,1.0,1.0,9.0,0.0,2.0,1.0,3.0,17.0,2.0,20.0,0.0,5.0,3.0,5.0,5.0,0.0,1.0,0.0,1.0,0.0,0.0,79.0
96,5.0,17.0,0.0,0.0,0.0,0.0,1.0,0.0,0.0,1.0,1.0,0.0,0.0,0.0,0.0,0.0,11.0,0.0,0.0,1.0,0.0,0.0,0.0,180.0
97,5.0,18.0,0.0,0.0,1.0,0.0,0.0,0.0,0.0,0.0,1.0,1.0,0.0,1.0,0.0,1.0,20.0,0.0,0.0,1.0,0.0,0.0,0.0,140.0
98,5.0,19.0,0.0,0.0,0.0,0.0,0.0,0.0,0.0,0.0,1.0,0.0,0.0,2.0,0.0,1.0,3.0,0.0,0.0,0.0,0.0,0.0,0.0,167.0
99,5.0,20.0,0.0,0.0,1.0,0.0,1.0,0.0,0.0,0.0,0.0,2.0,0.0,1.0,0.0,0.0,1.0,0.0,0.0,0.0,0.0,0.0,0.0,210.0
100,6.0,1.0,0.0,4.0,2.0,0.0,3.0,0.0,1.0,1.0,1.0,5.0,0.0,2.0,0.0,0.0,1.0,1.0,4.0,1.0,0.0,1.0,0.0,108.0
101,6.0,2.0,0.0,0.0,0.0,0.0,1.0,0.0,0.0,0.0,0.0,0.0,0.0,1.0,0.0,0.0,1.0,0.0,0.0,0.0,2.0,0.0,0.0,192.0
102,6.0,3.0,0.0,3.0,0.0,0.0,0.0,2.0,4.0,2.0,2.0,2.0,0.0,0.0,1.0,0.0,4.0,1.0,13.0,0.0,0.0,0.0,0.0,111.0
103,6.0,4.0,0.0,0.0,0.0,0.0,2.0,0.0,0.0,0.0,0.0,0.0,0.0,1.0,0.0,0.0,3.0,0.0,0.0,0.0,0.0,0.0,0.0,108.0
104,6.0,5.0,0.0,0.0,0.0,0.0,0.0,0.0,1.0,0.0,5.0,8.0,0.0,0.0,0.0,0.0,6.0,0.0,0.0,0.0,0.0,1.0,1.0,37.0
105,6.0,6.0,0.0,0.0,3.0,0.0,0.0,0.0,0.0,1.0,4.0,9.0,0.0,0.0,2.0,1.0,0.0,0.0,0.0,0.0,1.0,0.0,4.0,118.0
106,6.0,7.0,0.0,1.0,1.0,0.0,0.0,0.0,4.0,4.0,1.0,4.0,0.0,0.0,0.0,1.0,1.0,2.0,25.0,0.0,0.0,0.0,0.0,82.0
107,6.0,8.0,0.0,0.0,1.0,0.0,1.0,0.0,0.0,0.0,0.0,3.0,0.0,1.0,0.0,0.0,4.0,0.0,0.0,0.0,1.0,0.0,0.0,113.0
108,6.0,9.0,0.0,5.0,0.0,2.0,1.0,0.0,1.0,1.0,4.0,0.0,0.0,0.0,2.0,0.0,37.0,0.0,0.0,5.0,0.0,3.0,0.0,24.0
109,6.0,10.0,1.0,3.0,1.0,0.0,0.0,0.0,0.0,0.0,13.0,0.0,0.0,0.0,0.0,0.0,0.0,0.0,1.0,0.0,1.0,0.0,0.0,16.0
110,6.0,11.0,2.0,1.0,1.0,0.0,0.0,1.0,1.0,1.0,4.0,2.0,0.0,1.0,0.0,0.0,3.0,1.0,17.0,0.0,0.0,1.0,1.0,88.0
111,6.0,12.0,0.0,0.0,0.0,0.0,0.0,0.0,1.0,1.0,0.0,3.0,0.0,0.0,0.0,0.0,0.0,1.0,5.0,0.0,0.0,0.0,0.0,96.0
112,6.0,13.0,1.0,6.0,0.0,4.0,2.0,3.0,1.0,1.0,3.0,0.0,0.0,1.0,1.0,0.0,40.0,0.0,0.0,5.0,0.0,3.0,0.0,43.0
113,6.0,14.0,1.0,1.0,0.0,1.0,1.0,1.0,1.0,1.0,1.0,0.0,0.0,1.0,0.0,0.0,29.0,1.0,0.0,3.0,0.0,0.0,1.0,29.0
114,6.0,15.0,0.0,0.0,0.0,0.0,0.0,0.0,0.0,0.0,0.0,0.0,0.0,0.0,0.0,0.0,0.0,0.0,0.0,0.0,0.0,0.0,0.0,4.0
115,6.0,16.0,2.0,2.0,0.0,0.0,1.0,0.0,0.0,1.0,2.0,1.0,0.0,1.0,0.0,0.0,17.0,0.0,0.0,4.0,2.0,2.0,0.0,76.0
116,6.0,17.0,0.0,0.0,3.0,1.0,3.0,1.0,4.0,4.0,1.0,12.0,0.0,2.0,1.0,0.0,1.0,2.0,2.0,0.0,1.0,0.0,0.0,110.0
117,6.0,18.0,0.0,3.0,0.0,0.0,1.0,0.0,0.0,3.0,0.0,0.0,0.0,2.0,0.0,0.0,20.0,0.0,0.0,1.0,0.0,1.0,1.0,146.0
118,6.0,19.0,1.0,4.0,0.0,1.0,0.0,0.0,0.0,2.0,2.0,0.0,0.0,0.0,0.0,0.0,21.0,0.0,0.0,1.0,0.0,1.0,0.0,35.0
119,6.0,20.0,2.0,2.0,0.0,1.0,0.0,1.0,1.0,1.0,2.0,0.0,0.0,1.0,0.0,0.0,47.0,0.0,0.0,1.0,0.0,2.0,0.0,19.0
120,7.0,1.0,0.0,0.0,0.0,0.0,0.0,0.0,0.0,0.0,0.0,0.0,0.0,0.0,0.0,0.0,0.0,0.0,0.0,0.0,0.0,0.0,0.0,132.0
121,7.0,2.0,0.0,0.0,0.0,0.0,0.0,0.0,0.0,0.0,0.0,0.0,0.0,0.0,0.0,0.0,0.0,0.0,0.0,0.0,0.0,1.0,0.0,106.0
122,7.0,3.0,1.0,4.0,2.0,1.0,1.0,1.0,2.0,5.0,2.0,2.0,0.0,0.0,1.0,0.0,23.0,1.0,0.0,4.0,0.0,0.0,1.0,58.0
123,7.0,4.0,1.0,2.0,1.0,0.0,0.0,1.0,0.0,1.0,1.0,0.0,0.0,0.0,0.0,0.0,14.0,0.0,0.0,0.0,0.0,1.0,0.0,23.0
124,7.0,5.0,0.0,0.0,0.0,0.0,0.0,0.0,0.0,0.0,0.0,0.0,0.0,1.0,0.0,1.0,0.0,0.0,0.0,0.0,0.0,0.0,0.0,147.0
125,7.0,6.0,0.0,0.0,0.0,0.0,0.0,0.0,0.0,0.0,0.0,0.0,0.0,0.0,0.0,0.0,0.0,0.0,0.0,0.0,0.0,0.0,2.0,158.0
126,7.0,7.0,0.0,1.0,1.0,1.0,0.0,3.0,0.0,1.0,1.0,0.0,0.0,0.0,1.0,0.0,30.0,0.0,0.0,4.0,0.0,0.0,3.0,77.0
127,7.0,8.0,2.0,0.0,0.0,0.0,1.0,0.0,0.0,1.0,2.0,0.0,0.0,1.0,0.0,0.0,13.0,1.0,0.0,1.0,1.0,0.0,0.0,38.0
128,7.0,9.0,0.0,2.0,9.0,0.0,3.0,1.0,5.0,9.0,0.0,37.0,0.0,2.0,2.0,3.0,6.0,7.0,15.0,0.0,0.0,0.0,0.0,77.0
129,7.0,10.0,0.0,0.0,0.0,0.0,0.0,0.0,0.0,1.0,1.0,2.0,0.0,2.0,0.0,0.0,7.0,0.0,0.0,0.0,2.0,0.0,0.0,162.0
130,7.0,11.0,0.0,0.0,0.0,0.0,0.0,0.0,0.0,0.0,0.0,0.0,0.0,0.0,0.0,0.0,2.0,0.0,0.0,0.0,0.0,0.0,2.0,157.0
131,7.0,12.0,0.0,1.0,1.0,0.0,0.0,0.0,0.0,1.0,0.0,1.0,0.0,0.0,0.0,0.0,10.0,0.0,0.0,1.0,0.0,0.0,0.0,131.0
132,7.0,13.0,0.0,0.0,0.0,0.0,0.0,0.0,0.0,0.0,0.0,1.0,0.0,0.0,0.0,2.0,3.0,0.0,0.0,1.0,0.0,0.0,1.0,189.0
133,7.0,14.0,0.0,3.0,1.0,1.0,1.0,0.0,1.0,2.0,0.0,9.0,1.0,0.0,0.0,0.0,7.0,0.0,0.0,1.0,0.0,0.0,1.0,171.0
134,7.0,15.0,0.0,0.0,1.0,0.0,1.0,0.0,0.0,0.0,0.0,3.0,0.0,0.0,0.0,2.0,1.0,1.0,2.0,0.0,0.0,0.0,0.0,144.0
135,7.0,16.0,0.0,0.0,5.0,0.0,0.0,0.0,0.0,5.0,0.0,15.0,0.0,1.0,0.0,2.0,1.0,3.0,2.0,0.0,1.0,0.0,0.0,57.0
136,7.0,17.0,0.0,1.0,12.0,1.0,1.0,0.0,2.0,8.0,1.0,16.0,0.0,5.0,0.0,3.0,4.0,1.0,0.0,0.0,0.0,0.0,2.0,100.0
137,7.0,18.0,0.0,1.0,8.0,0.0,2.0,1.0,1.0,2.0,1.0,19.0,0.0,2.0,1.0,3.0,2.0,2.0,0.0,0.0,0.0,0.0,0.0,106.0
138,7.0,19.0,1.0,2.0,3.0,0.0,0.0,2.0,3.0,6.0,0.0,9.0,0.0,1.0,1.0,2.0,8.0,3.0,9.0,1.0,0.0,0.0,0.0,81.0
139,7.0,20.0,1.0,0.0,5.0,0.0,0.0,0.0,1.0,3.0,1.0,8.0,0.0,2.0,2.0,0.0,4.0,1.0,6.0,0.0,0.0,0.0,0.0,83.0
140,8.0,1.0,1.0,3.0,17.0,0.0,4.0,0.0,9.0,18.0,1.0,17.0,0.0,9.0,1.0,0.0,1.0,11.0,34.0,0.0,0.0,0.0,0.0,103.0
141,8.0,2.0,0.0,0.0,8.0,0.0,1.0,0.0,1.0,6.0,0.0,6.0,0.0,4.0,0.0,1.0,1.0,4.0,3.0,0.0,1.0,0.0,0.0,129.0
142,8.0,3.0,0.0,1.0,0.0,0.0,1.0,0.0,1.0,0.0,1.0,0.0,0.0,0.0,0.0,0.0,0.0,1.0,3.0,0.0,0.0,0.0,0.0,136.0
143,8.0,4.0,0.0,0.0,0.0,0.0,0.0,0.0,0.0,3.0,1.0,2.0,0.0,0.0,0.0,1.0,1.0,0.0,0.0,0.0,0.0,1.0,1.0,103.0
144,8.0,5.0,0.0,0.0,1.0,0.0,0.0,0.0,1.0,0.0,0.0,12.0,0.0,2.0,2.0,0.0,0.0,1.0,1.0,0.0,0.0,0.0,0.0,168.0
145,8.0,6.0,0.0,0.0,3.0,0.0,0.0,0.0,1.0,0.0,0.0,11.0,0.0,2.0,1.0,0.0,0.0,0.0,1.0,0.0,0.0,0.0,0.0,218.0
146,8.0,7.0,0.0,0.0,0.0,0.0,0.0,0.0,0.0,0.0,0.0,0.0,0.0,0.0,0.0,0.0,0.0,0.0,0.0,0.0,0.0,0.0,1.0,223.0
147,8.0,8.0,0.0,0.0,0.0,0.0,0.0,0.0,0.0,0.0,1.0,0.0,0.0,0.0,0.0,0.0,0.0,0.0,0.0,0.0,1.0,0.0,2.0,131.0
148,8.0,9.0,2.0,1.0,28.0,0.0,5.0,0.0,9.0,10.0,0.0,31.0,0.0,9.0,2.0,1.0,2.0,15.0,24.0,0.0,0.0,0.0,0.0,101.0
149,8.0,10.0,0.0,1.0,16.0,0.0,1.0,1.0,1.0,11.0,0.0,28.0,0.0,11.0,0.0,0.0,0.0,4.0,5.0,0.0,0.0,0.0,0.0,120.0
150,8.0,11.0,0.0,0.0,8.0,0.0,0.0,0.0,0.0,9.0,0.0,21.0,0.0,3.0,0.0,1.0,0.0,0.0,0.0,0.0,0.0,0.0,0.0,179.0
151,8.0,12.0,1.0,0.0,10.0,0.0,5.0,3.0,5.0,2.0,0.0,18.0,0.0,1.0,1.0,1.0,2.0,0.0,0.0,0.0,0.0,0.0,0.0,147.0
152,8.0,13.0,0.0,0.0,7.0,0.0,1.0,0.0,2.0,3.0,0.0,28.0,0.0,2.0,4.0,0.0,0.0,0.0,2.0,0.0,0.0,0.0,0.0,118.0
153,8.0,14.0,0.0,0.0,3.0,0.0,2.0,0.0,0.0,0.0,0.0,7.0,0.0,0.0,0.0,0.0,0.0,0.0,0.0,0.0,1.0,0.0,0.0,187.0
154,8.0,15.0,0.0,0.0,2.0,0.0,1.0,1.0,0.0,6.0,0.0,12.0,0.0,0.0,0.0,1.0,0.0,0.0,0.0,0.0,0.0,0.0,0.0,196.0
155,8.0,16.0,0.0,1.0,20.0,0.0,5.0,1.0,2.0,7.0,1.0,31.0,0.0,3.0,1.0,0.0,3.0,3.0,11.0,0.0,0.0,0.0,0.0,60.0
156,8.0,17.0,0.0,0.0,8.0,1.0,1.0,0.0,1.0,14.0,0.0,15.0,0.0,0.0,1.0,0.0,3.0,0.0,5.0,0.0,0.0,0.0,0.0,138.0
157,8.0,18.0,3.0,5.0,21.0,0.0,3.0,3.0,3.0,22.0,4.0,58.0,0.0,12.0,3.0,3.0,9.0,0.0,0.0,1.0,1.0,1.0,0.0,18.0
158,8.0,19.0,0.0,0.0,2.0,0.0,0.0,0.0,0.0,5.0,0.0,8.0,0.0,1.0,0.0,0.0,1.0,0.0,0.0,0.0,1.0,0.0,0.0,170.0
159,8.0,20.0,0.0,0.0,3.0,0.0,1.0,1.0,0.0,3.0,1.0,1.0,0.0,3.0,0.0,0.0,4.0,0.0,0.0,0.0,0.0,1.0,1.0,141.0
160,9.0,1.0,0.0,3.0,5.0,0.0,0.0,1.0,2.0,10.0,4.0,29.0,0.0,5.0,0.0,1.0,7.0,4.0,21.0,0.0,0.0,0.0,0.0,99.0
161,9.0,2.0,3.0,2.0,6.0,2.0,4.0,2.0,8.0,7.0,4.0,28.0,0.0,2.0,4.0,1.0,30.0,6.0,21.0,1.0,1.0,0.0,0.0,63.0
162,9.0,3.0,2.0,0.0,5.0,0.0,1.0,1.0,1.0,5.0,2.0,16.0,0.0,1.0,0.0,1.0,8.0,0.0,2.0,0.0,0.0,0.0,0.0,141.0
163,9.0,4.0,2.0,0.0,0.0,0.0,0.0,0.0,0.0,0.0,1.0,0.0,0.0,0.0,0.0,1.0,12.0,0.0,0.0,1.0,0.0,0.0,4.0,169.0
164,9.0,5.0,0.0,1.0,8.0,0.0,2.0,3.0,4.0,5.0,1.0,21.0,0.0,8.0,0.0,1.0,9.0,1.0,1.0,0.0,0.0,1.0,1.0,140.0
165,9.0,6.0,0.0,1.0,2.0,0.0,0.0,0.0,0.0,1.0,0.0,1.0,0.0,2.0,0.0,0.0,1.0,0.0,0.0,0.0,0.0,0.0,3.0,276.0
166,9.0,7.0,0.0,0.0,0.0,0.0,0.0,0.0,0.0,0.0,0.0,0.0,0.0,0.0,0.0,0.0,0.0,0.0,0.0,0.0,0.0,0.0,3.0,324.0
167,9.0,8.0,0.0,0.0,0.0,0.0,0.0,0.0,0.0,0.0,0.0,0.0,0.0,0.0,0.0,0.0,0.0,0.0,0.0,0.0,0.0,0.0,0.0,203.0
168,9.0,9.0,0.0,0.0,0.0,0.0,1.0,0.0,0.0,7.0,0.0,3.0,0.0,0.0,0.0,0.0,0.0,0.0,0.0,0.0,0.0,0.0,0.0,215.0
169,9.0,10.0,0.0,0.0,0.0,0.0,0.0,0.0,0.0,0.0,0.0,0.0,0.0,1.0,0.0,0.0,0.0,0.0,0.0,0.0,0.0,0.0,0.0,260.0
170,9.0,11.0,0.0,0.0,0.0,0.0,0.0,0.0,0.0,0.0,0.0,0.0,0.0,0.0,0.0,0.0,0.0,0.0,0.0,0.0,0.0,0.0,0.0,216.0
171,9.0,12.0,0.0,0.0,0.0,0.0,0.0,0.0,0.0,1.0,0.0,2.0,0.0,2.0,0.0,0.0,0.0,0.0,0.0,0.0,0.0,0.0,0.0,164.0
172,9.0,13.0,0.0,1.0,2.0,0.0,1.0,0.0,1.0,0.0,0.0,0.0,0.0,0.0,0.0,0.0,3.0,0.0,0.0,0.0,0.0,0.0,0.0,192.0
173,9.0,14.0,0.0,0.0,1.0,0.0,0.0,0.0,0.0,3.0,3.0,3.0,0.0,2.0,0.0,0.0,5.0,0.0,0.0,1.0,0.0,0.0,0.0,183.0
174,9.0,15.0,1.0,3.0,0.0,0.0,0.0,2.0,0.0,1.0,0.0,0.0,0.0,0.0,0.0,0.0,24.0,0.0,0.0,1.0,0.0,0.0,1.0,102.0
175,9.0,16.0,1.0,0.0,0.0,0.0,0.0,0.0,0.0,3.0,0.0,0.0,0.0,2.0,0.0,0.0,7.0,0.0,0.0,2.0,0.0,1.0,1.0,163.0
176,9.0,17.0,0.0,0.0,0.0,0.0,0.0,0.0,0.0,1.0,0.0,1.0,0.0,0.0,0.0,1.0,3.0,0.0,0.0,0.0,0.0,0.0,0.0,193.0
177,9.0,18.0,0.0,2.0,2.0,0.0,0.0,1.0,1.0,6.0,5.0,0.0,0.0,3.0,1.0,0.0,37.0,0.0,0.0,2.0,0.0,1.0,0.0,86.0
178,9.0,19.0,2.0,1.0,1.0,1.0,0.0,2.0,2.0,3.0,0.0,0.0,1.0,0.0,1.0,0.0,46.0,0.0,1.0,2.0,1.0,0.0,1.0,121.0
179,9.0,20.0,0.0,0.0,0.0,0.0,0.0,0.0,0.0,0.0,0.0,1.0,0.0,0.0,0.0,0.0,0.0,0.0,0.0,0.0,0.0,0.0,0.0,224.0
180,10.0,1.0,0.0,0.0,0.0,0.0,1.0,0.0,1.0,2.0,0.0,0.0,0.0,2.0,0.0,1.0,20.0,1.0,0.0,2.0,0.0,0.0,0.0,133.0
181,10.0,2.0,2.0,2.0,0.0,0.0,3.0,1.0,2.0,2.0,6.0,2.0,0.0,0.0,0.0,1.0,49.0,0.0,0.0,6.0,0.0,2.0,2.0,97.0
182,10.0,3.0,1.0,1.0,0.0,1.0,0.0,0.0,0.0,2.0,3.0,0.0,0.0,0.0,0.0,0.0,16.0,0.0,0.0,1.0,0.0,1.0,2.0,148.0
183,10.0,4.0,0.0,0.0,0.0,0.0,2.0,0.0,0.0,7.0,0.0,8.0,0.0,3.0,0.0,0.0,0.0,0.0,0.0,0.0,0.0,0.0,0.0,192.0
184,10.0,5.0,0.0,0.0,5.0,0.0,1.0,2.0,0.0,11.0,0.0,21.0,0.0,2.0,0.0,1.0,3.0,0.0,0.0,0.0,1.0,1.0,0.0,171.0
185,10.0,6.0,0.0,0.0,3.0,0.0,0.0,0.0,0.0,6.0,1.0,4.0,0.0,1.0,0.0,0.0,4.0,0.0,0.0,0.0,0.0,0.0,1.0,140.0
186,10.0,7.0,0.0,0.0,0.0,0.0,0.0,0.0,0.0,2.0,0.0,2.0,0.0,3.0,0.0,0.0,2.0,0.0,0.0,0.0,0.0,0.0,0.0,212.0
187,10.0,8.0,0.0,0.0,0.0,0.0,0.0,0.0,0.0,2.0,0.0,0.0,0.0,1.0,0.0,0.0,0.0,0.0,0.0,0.0,0.0,1.0,0.0,156.0
188,10.0,9.0,0.0,0.0,6.0,0.0,0.0,0.0,0.0,6.0,3.0,19.0,0.0,0.0,0.0,1.0,5.0,1.0,1.0,1.0,1.0,0.0,0.0,179.0
189,10.0,10.0,3.0,3.0,1.0,0.0,2.0,1.0,2.0,7.0,5.0,11.0,0.0,5.0,2.0,0.0,23.0,3.0,12.0,0.0,0.0,0.0,0.0,80.0
190,10.0,11.0,0.0,0.0,0.0,0.0,0.0,0.0,0.0,0.0,0.0,0.0,0.0,0.0,0.0,0.0,1.0,0.0,0.0,0.0,0.0,0.0,1.0,130.0
191,10.0,12.0,0.0,0.0,2.0,0.0,0.0,0.0,1.0,8.0,1.0,9.0,0.0,2.0,1.0,0.0,2.0,1.0,1.0,0.0,0.0,0.0,1.0,123.0
192,10.0,13.0,1.0,1.0,17.0,1.0,2.0,0.0,7.0,15.0,3.0,29.0,3.0,5.0,1.0,6.0,12.0,5.0,9.0,1.0,0.0,0.0,0.0,128.0
193,10.0,14.0,0.0,0.0,0.0,0.0,1.0,0.0,0.0,3.0,0.0,3.0,0.0,0.0,0.0,1.0,3.0,0.0,0.0,1.0,0.0,0.0,1.0,147.0
194,10.0,15.0,0.0,0.0,0.0,0.0,0.0,0.0,0.0,0.0,0.0,0.0,0.0,5.0,0.0,0.0,8.0,0.0,0.0,1.0,0.0,1.0,0.0,115.0
195,10.0,16.0,0.0,0.0,0.0,0.0,0.0,0.0,0.0,0.0,0.0,0.0,0.0,0.0,0.0,0.0,0.0,0.0,0.0,0.0,0.0,0.0,2.0,152.0
196,10.0,17.0,0.0,0.0,1.0,1.0,1.0,0.0,0.0,2.0,3.0,1.0,0.0,0.0,1.0,0.0,24.0,0.0,0.0,2.0,0.0,0.0,0.0,152.0
197,10.0,18.0,1.0,3.0,0.0,1.0,2.0,1.0,0.0,1.0,0.0,0.0,0.0,0.0,0.0,0.0,28.0,0.0,0.0,2.0,1.0,0.0,1.0,94.0
198,10.0,19.0,0.0,0.0,0.0,0.0,0.0,0.0,1.0,1.0,1.0,0.0,0.0,2.0,0.0,0.0,9.0,0.0,0.0,0.0,1.0,0.0,1.0,141.0
199,10.0,20.0,0.0,0.0,2.0,0.0,0.0,0.0,0.0,1.0,1.0,8.0,0.0,4.0,0.0,0.0,2.0,0.0,0.0,2.0,0.0,0.0,0.0,139.0
200,11.0,1.0,0.0,0.0,0.0,0.0,1.0,1.0,0.0,0.0,0.0,1.0,0.0,0.0,0.0,0.0,1.0,0.0,2.0,0.0,0.0,0.0,0.0,199.0
201,11.0,2.0,0.0,1.0,1.0,1.0,0.0,0.0,1.0,1.0,1.0,3.0,0.0,2.0,1.0,2.0,4.0,2.0,4.0,0.0,0.0,0.0,0.0,128.0
202,11.0,3.0,0.0,1.0,5.0,0.0,0.0,0.0,3.0,0.0,0.0,22.0,0.0,2.0,0.0,1.0,5.0,0.0,16.0,0.0,0.0,0.0,0.0,145.0
203,11.0,4.0,0.0,0.0,2.0,0.0,0.0,1.0,0.0,0.0,1.0,3.0,0.0,1.0,0.0,1.0,2.0,0.0,0.0,0.0,0.0,0.0,0.0,160.0
204,11.0,5.0,0.0,1.0,2.0,0.0,5.0,4.0,10.0,2.0,3.0,3.0,0.0,1.0,2.0,1.0,5.0,2.0,16.0,0.0,0.0,0.0,0.0,122.0
205,11.0,6.0,0.0,1.0,0.0,0.0,0.0,0.0,3.0,4.0,0.0,1.0,1.0,0.0,2.0,0.0,2.0,4.0,45.0,0.0,0.0,0.0,0.0,122.0
206,11.0,7.0,1.0,2.0,3.0,0.0,1.0,4.0,4.0,4.0,0.0,3.0,0.0,0.0,0.0,0.0,3.0,2.0,47.0,0.0,0.0,0.0,2.0,113.0
207,11.0,8.0,0.0,1.0,2.0,0.0,3.0,1.0,3.0,6.0,0.0,13.0,0.0,3.0,3.0,1.0,4.0,5.0,19.0,1.0,0.0,0.0,2.0,127.0
208,11.0,9.0,0.0,0.0,0.0,0.0,0.0,0.0,0.0,0.0,0.0,0.0,0.0,0.0,0.0,1.0,1.0,0.0,0.0,1.0,0.0,0.0,0.0,86.0
209,11.0,10.0,0.0,0.0,0.0,1.0,0.0,0.0,2.0,1.0,1.0,1.0,0.0,0.0,0.0,0.0,1.0,0.0,7.0,0.0,0.0,0.0,0.0,120.0
210,11.0,11.0,0.0,1.0,1.0,0.0,0.0,1.0,0.0,3.0,4.0,1.0,0.0,0.0,1.0,0.0,7.0,1.0,15.0,1.0,0.0,0.0,5.0,144.0
211,11.0,12.0,0.0,1.0,2.0,1.0,1.0,3.0,0.0,2.0,2.0,1.0,0.0,4.0,0.0,1.0,18.0,0.0,0.0,0.0,0.0,1.0,2.0,115.0
212,11.0,13.0,0.0,2.0,0.0,0.0,0.0,1.0,1.0,1.0,2.0,1.0,0.0,0.0,0.0,0.0,19.0,0.0,0.0,0.0,1.0,1.0,0.0,148.0
213,11.0,14.0,0.0,4.0,0.0,1.0,1.0,3.0,2.0,4.0,3.0,0.0,0.0,2.0,0.0,0.0,40.0,0.0,0.0,0.0,0.0,0.0,0.0,64.0
214,11.0,15.0,0.0,2.0,1.0,2.0,2.0,1.0,2.0,4.0,4.0,0.0,0.0,1.0,2.0,0.0,30.0,0.0,0.0,0.0,1.0,2.0,0.0,64.0
215,11.0,16.0,2.0,4.0,2.0,2.0,0.0,1.0,3.0,6.0,3.0,1.0,0.0,3.0,2.0,0.0,85.0,0.0,0.0,3.0,0.0,3.0,2.0,46.0
216,11.0,17.0,0.0,0.0,0.0,0.0,0.0,1.0,0.0,0.0,1.0,1.0,0.0,1.0,0.0,0.0,24.0,0.0,0.0,1.0,0.0,1.0,0.0,81.0
217,11.0,18.0,0.0,2.0,1.0,0.0,3.0,2.0,0.0,2.0,0.0,0.0,0.0,5.0,0.0,0.0,26.0,0.0,0.0,2.0,0.0,0.0,1.0,115.0
218,11.0,19.0,0.0,3.0,1.0,1.0,1.0,2.0,0.0,1.0,1.0,0.0,0.0,1.0,0.0,0.0,23.0,0.0,0.0,1.0,0.0,3.0,1.0,101.0
219,11.0,20.0,0.0,0.0,2.0,0.0,0.0,0.0,0.0,0.0,2.0,1.0,0.0,0.0,0.0,0.0,7.0,1.0,2.0,2.0,0.0,1.0,1.0,153.0
220,12.0,1.0,0.0,0.0,0.0,0.0,0.0,0.0,0.0,0.0,0.0,0.0,0.0,0.0,0.0,0.0,0.0,1.0,0.0,1.0,0.0,0.0,1.0,44.0
221,12.0,2.0,0.0,0.0,0.0,0.0,0.0,0.0,0.0,0.0,0.0,0.0,0.0,0.0,0.0,0.0,2.0,0.0,0.0,0.0,0.0,0.0,0.0,143.0
222,12.0,3.0,0.0,0.0,0.0,0.0,0.0,0.0,1.0,1.0,0.0,0.0,0.0,1.0,0.0,0.0,7.0,0.0,0.0,0.0,1.0,0.0,0.0,39.0
223,12.0,4.0,0.0,1.0,1.0,0.0,0.0,0.0,5.0,2.0,0.0,3.0,0.0,0.0,1.0,0.0,0.0,3.0,36.0,0.0,1.0,0.0,0.0,135.0
224,12.0,5.0,0.0,0.0,0.0,0.0,1.0,0.0,0.0,1.0,1.0,1.0,0.0,0.0,0.0,0.0,12.0,0.0,1.0,3.0,0.0,0.0,0.0,14.0
225,12.0,6.0,0.0,0.0,0.0,0.0,1.0,0.0,0.0,1.0,0.0,0.0,0.0,1.0,0.0,0.0,20.0,0.0,0.0,1.0,0.0,0.0,0.0,13.0
226,12.0,7.0,1.0,0.0,1.0,0.0,0.0,1.0,1.0,3.0,2.0,0.0,0.0,0.0,1.0,0.0,23.0,0.0,0.0,1.0,0.0,0.0,0.0,24.0
227,12.0,8.0,0.0,1.0,1.0,0.0,1.0,0.0,4.0,2.0,0.0,0.0,0.0,1.0,1.0,0.0,3.0,0.0,9.0,1.0,0.0,0.0,0.0,108.0
228,12.0,9.0,2.0,5.0,0.0,1.0,0.0,3.0,4.0,4.0,1.0,0.0,0.0,0.0,0.0,0.0,44.0,0.0,0.0,7.0,0.0,0.0,1.0,97.0
229,12.0,10.0,2.0,1.0,0.0,0.0,1.0,4.0,1.0,3.0,2.0,1.0,0.0,1.0,1.0,0.0,62.0,0.0,0.0,2.0,0.0,1.0,0.0,66.0
230,12.0,11.0,1.0,8.0,0.0,2.0,1.0,1.0,2.0,4.0,5.0,0.0,0.0,0.0,2.0,0.0,69.0,0.0,2.0,3.0,0.0,0.0,0.0,56.0
231,12.0,12.0,0.0,7.0,0.0,0.0,1.0,0.0,0.0,2.0,1.0,0.0,0.0,0.0,0.0,0.0,30.0,0.0,0.0,1.0,0.0,1.0,0.0,29.0
232,12.0,13.0,0.0,1.0,1.0,1.0,0.0,0.0,0.0,3.0,0.0,6.0,0.0,1.0,0.0,1.0,11.0,0.0,0.0,0.0,0.0,1.0,1.0,146.0
233,12.0,14.0,1.0,1.0,1.0,1.0,2.0,1.0,1.0,3.0,2.0,0.0,0.0,0.0,0.0,0.0,26.0,0.0,0.0,2.0,0.0,0.0,0.0,110.0
234,12.0,15.0,2.0,2.0,0.0,0.0,0.0,1.0,1.0,2.0,2.0,0.0,0.0,0.0,0.0,0.0,54.0,0.0,0.0,7.0,1.0,1.0,0.0,61.0
235,12.0,16.0,0.0,3.0,0.0,2.0,2.0,1.0,3.0,1.0,3.0,0.0,0.0,0.0,0.0,2.0,26.0,0.0,0.0,1.0,0.0,0.0,0.0,17.0
236,12.0,17.0,0.0,0.0,0.0,0.0,0.0,0.0,1.0,0.0,0.0,2.0,0.0,0.0,0.0,0.0,2.0,0.0,0.0,0.0,0.0,1.0,0.0,126.0
237,12.0,18.0,0.0,0.0,0.0,0.0,0.0,0.0,0.0,0.0,0.0,0.0,0.0,0.0,0.0,0.0,0.0,0.0,0.0,0.0,0.0,0.0,2.0,122.0
238,12.0,19.0,0.0,0.0,0.0,0.0,0.0,1.0,3.0,1.0,0.0,0.0,0.0,0.0,0.0,0.0,18.0,0.0,0.0,1.0,1.0,0.0,2.0,158.0
239,12.0,20.0,0.0,2.0,0.0,0.0,2.0,0.0,1.0,2.0,0.0,0.0,0.0,0.0,0.0,0.0,6.0,0.0,0.0,2.0,0.0,0.0,0.0,131.0
240,13.0,1.0,0.0,0.0,0.0,0.0,0.0,0.0,0.0,1.0,0.0,2.0,0.0,0.0,0.0,0.0,0.0,0.0,0.0,0.0,0.0,0.0,0.0,205.0
241,13.0,2.0,1.0,1.0,3.0,0.0,0.0,0.0,0.0,2.0,0.0,10.0,0.0,1.0,1.0,0.0,0.0,0.0,2.0,0.0,0.0,0.0,8.0,120.0
242,13.0,3.0,0.0,0.0,1.0,0.0,0.0,1.0,0.0,0.0,0.0,1.0,0.0,0.0,0.0,0.0,0.0,0.0,0.0,0.0,0.0,0.0,6.0,199.0
243,13.0,4.0,0.0,1.0,0.0,0.0,1.0,0.0,0.0,1.0,0.0,0.0,0.0,0.0,0.0,0.0,0.0,0.0,0.0,0.0,0.0,1.0,1.0,170.0
244,13.0,5.0,0.0,0.0,0.0,0.0,0.0,0.0,0.0,0.0,0.0,0.0,0.0,0.0,0.0,0.0,0.0,0.0,0.0,0.0,0.0,0.0,2.0,209.0
245,13.0,6.0,0.0,0.0,5.0,0.0,1.0,0.0,4.0,2.0,0.0,19.0,0.0,1.0,0.0,3.0,0.0,2.0,14.0,0.0,0.0,0.0,0.0,48.0
246,13.0,7.0,0.0,0.0,3.0,0.0,0.0,0.0,0.0,1.0,0.0,4.0,0.0,0.0,1.0,0.0,0.0,0.0,0.0,0.0,0.0,0.0,2.0,219.0
247,13.0,8.0,0.0,0.0,0.0,0.0,0.0,0.0,0.0,0.0,0.0,0.0,0.0,0.0,0.0,0.0,0.0,0.0,0.0,0.0,0.0,0.0,0.0,136.0
248,13.0,9.0,0.0,0.0,2.0,0.0,1.0,0.0,0.0,0.0,0.0,1.0,0.0,0.0,0.0,0.0,0.0,0.0,0.0,0.0,0.0,0.0,2.0,132.0
249,13.0,10.0,0.0,0.0,6.0,0.0,2.0,0.0,2.0,2.0,0.0,4.0,0.0,2.0,1.0,0.0,2.0,0.0,0.0,0.0,0.0,0.0,1.0,90.0
250,13.0,11.0,0.0,0.0,1.0,0.0,0.0,0.0,0.0,0.0,0.0,1.0,0.0,0.0,0.0,0.0,0.0,0.0,0.0,0.0,0.0,0.0,0.0,174.0
251,13.0,12.0,0.0,0.0,7.0,0.0,1.0,0.0,2.0,8.0,1.0,12.0,1.0,4.0,1.0,0.0,1.0,2.0,1.0,0.0,1.0,0.0,0.0,123.0
252,13.0,13.0,0.0,0.0,4.0,1.0,0.0,0.0,0.0,2.0,0.0,5.0,0.0,1.0,0.0,0.0,0.0,0.0,0.0,0.0,0.0,0.0,0.0,102.0
253,13.0,14.0,0.0,1.0,2.0,0.0,2.0,0.0,2.0,0.0,0.0,0.0,0.0,1.0,0.0,0.0,0.0,0.0,0.0,0.0,1.0,0.0,0.0,96.0
254,13.0,15.0,0.0,0.0,1.0,0.0,0.0,0.0,1.0,3.0,0.0,10.0,0.0,4.0,1.0,0.0,0.0,2.0,6.0,0.0,0.0,0.0,0.0,127.0
255,13.0,16.0,1.0,3.0,19.0,0.0,2.0,3.0,9.0,9.0,1.0,40.0,1.0,6.0,2.0,5.0,9.0,6.0,16.0,0.0,1.0,0.0,1.0,9.0
256,13.0,17.0,0.0,0.0,0.0,0.0,0.0,0.0,1.0,1.0,0.0,1.0,0.0,1.0,0.0,1.0,5.0,0.0,0.0,0.0,0.0,0.0,0.0,67.0
257,13.0,18.0,0.0,0.0,0.0,0.0,0.0,0.0,0.0,1.0,2.0,0.0,0.0,0.0,0.0,0.0,1.0,0.0,0.0,0.0,0.0,0.0,0.0,100.0
258,13.0,19.0,0.0,0.0,0.0,0.0,0.0,0.0,0.0,0.0,0.0,0.0,0.0,0.0,0.0,0.0,0.0,0.0,0.0,0.0,0.0,0.0,0.0,180.0
259,13.0,20.0,0.0,1.0,3.0,0.0,0.0,1.0,2.0,3.0,0.0,5.0,0.0,1.0,0.0,0.0,0.0,0.0,0.0,0.0,0.0,0.0,0.0,179.0
260,14.0,1.0,2.0,2.0,0.0,1.0,0.0,2.0,2.0,4.0,2.0,0.0,0.0,2.0,0.0,0.0,33.0,0.0,0.0,0.0,0.0,1.0,1.0,79.0
261,14.0,2.0,0.0,0.0,0.0,0.0,0.0,0.0,1.0,0.0,0.0,0.0,0.0,0.0,0.0,0.0,5.0,0.0,0.0,2.0,0.0,0.0,0.0,141.0
262,14.0,3.0,0.0,0.0,0.0,0.0,1.0,0.0,0.0,0.0,0.0,0.0,0.0,0.0,0.0,0.0,0.0,0.0,0.0,0.0,0.0,0.0,0.0,238.0
263,14.0,4.0,0.0,0.0,0.0,0.0,1.0,1.0,0.0,4.0,0.0,2.0,0.0,0.0,0.0,0.0,0.0,0.0,0.0,0.0,0.0,0.0,0.0,248.0
264,14.0,5.0,0.0,0.0,1.0,0.0,0.0,0.0,0.0,1.0,0.0,9.0,0.0,0.0,0.0,0.0,0.0,0.0,0.0,0.0,0.0,0.0,1.0,186.0
265,14.0,6.0,0.0,0.0,1.0,0.0,1.0,0.0,0.0,0.0,0.0,13.0,0.0,0.0,0.0,0.0,0.0,0.0,0.0,0.0,1.0,0.0,0.0,186.0
266,14.0,7.0,0.0,0.0,0.0,0.0,0.0,0.0,0.0,0.0,0.0,0.0,0.0,0.0,0.0,0.0,3.0,0.0,0.0,0.0,1.0,0.0,1.0,165.0
267,14.0,8.0,0.0,0.0,0.0,0.0,0.0,0.0,0.0,0.0,1.0,1.0,0.0,1.0,0.0,0.0,6.0,0.0,0.0,0.0,0.0,0.0,3.0,156.0
268,14.0,9.0,0.0,0.0,4.0,0.0,0.0,0.0,1.0,8.0,0.0,14.0,0.0,1.0,0.0,2.0,0.0,0.0,0.0,0.0,0.0,0.0,1.0,164.0
269,14.0,10.0,0.0,0.0,0.0,0.0,0.0,0.0,0.0,0.0,2.0,0.0,0.0,0.0,0.0,0.0,3.0,1.0,0.0,2.0,0.0,0.0,0.0,224.0
270,14.0,11.0,1.0,0.0,0.0,0.0,1.0,0.0,0.0,0.0,0.0,0.0,0.0,0.0,0.0,0.0,11.0,0.0,0.0,0.0,0.0,0.0,0.0,155.0
271,14.0,12.0,0.0,0.0,5.0,1.0,2.0,0.0,0.0,7.0,1.0,3.0,0.0,0.0,0.0,0.0,4.0,1.0,0.0,0.0,0.0,0.0,0.0,153.0
272,14.0,13.0,0.0,0.0,0.0,0.0,0.0,0.0,1.0,2.0,2.0,1.0,0.0,0.0,0.0,0.0,5.0,0.0,0.0,1.0,1.0,2.0,0.0,204.0
273,14.0,14.0,0.0,0.0,7.0,0.0,1.0,0.0,3.0,0.0,0.0,3.0,0.0,1.0,0.0,0.0,0.0,0.0,0.0,0.0,0.0,0.0,1.0,153.0
274,14.0,15.0,0.0,0.0,3.0,0.0,2.0,0.0,1.0,4.0,0.0,4.0,0.0,1.0,0.0,0.0,1.0,0.0,1.0,0.0,0.0,0.0,0.0,145.0
275,14.0,16.0,0.0,0.0,7.0,1.0,1.0,0.0,0.0,2.0,0.0,10.0,0.0,3.0,0.0,0.0,1.0,0.0,0.0,0.0,0.0,0.0,2.0,174.0
276,14.0,17.0,0.0,0.0,0.0,0.0,1.0,0.0,0.0,2.0,0.0,2.0,0.0,0.0,0.0,1.0,0.0,0.0,0.0,1.0,0.0,0.0,0.0,224.0
277,14.0,18.0,0.0,0.0,0.0,0.0,1.0,0.0,0.0,1.0,0.0,0.0,0.0,3.0,0.0,0.0,2.0,0.0,0.0,0.0,1.0,0.0,0.0,161.0
278,14.0,19.0,0.0,1.0,6.0,1.0,2.0,2.0,2.0,1.0,0.0,14.0,0.0,2.0,0.0,2.0,1.0,0.0,2.0,0.0,1.0,0.0,1.0,123.0
279,14.0,20.0,0.0,2.0,3.0,2.0,0.0,1.0,3.0,12.0,0.0,16.0,0.0,6.0,0.0,4.0,13.0,2.0,7.0,0.0,0.0,2.0,0.0,52.0
280,15.0,1.0,0.0,0.0,0.0,0.0,0.0,0.0,0.0,3.0,0.0,1.0,0.0,1.0,0.0,0.0,0.0,0.0,0.0,0.0,0.0,0.0,0.0,195.0
281,15.0,2.0,0.0,0.0,0.0,0.0,0.0,0.0,0.0,0.0,0.0,0.0,0.0,0.0,0.0,0.0,0.0,0.0,0.0,0.0,0.0,0.0,0.0,186.0
282,15.0,3.0,0.0,0.0,4.0,0.0,0.0,0.0,0.0,2.0,0.0,3.0,0.0,0.0,0.0,0.0,0.0,0.0,0.0,0.0,0.0,0.0,0.0,203.0
283,15.0,4.0,0.0,0.0,6.0,1.0,1.0,1.0,1.0,6.0,0.0,12.0,0.0,0.0,0.0,0.0,2.0,0.0,4.0,0.0,2.0,0.0,0.0,148.0
284,15.0,5.0,0.0,0.0,1.0,0.0,0.0,0.0,1.0,2.0,0.0,1.0,0.0,2.0,0.0,0.0,0.0,0.0,0.0,0.0,0.0,0.0,0.0,194.0
285,15.0,6.0,0.0,0.0,0.0,0.0,0.0,0.0,0.0,0.0,0.0,0.0,0.0,0.0,0.0,0.0,0.0,0.0,0.0,0.0,0.0,0.0,0.0,181.0
286,15.0,7.0,0.0,0.0,7.0,0.0,0.0,0.0,0.0,10.0,0.0,21.0,1.0,6.0,0.0,2.0,0.0,0.0,1.0,0.0,0.0,0.0,0.0,88.0
287,15.0,8.0,0.0,0.0,0.0,0.0,0.0,0.0,0.0,1.0,0.0,0.0,0.0,0.0,0.0,0.0,2.0,0.0,0.0,0.0,0.0,0.0,0.0,160.0
288,15.0,9.0,0.0,0.0,0.0,0.0,0.0,0.0,1.0,1.0,0.0,1.0,0.0,3.0,0.0,0.0,0.0,0.0,0.0,0.0,0.0,0.0,1.0,159.0
289,15.0,10.0,0.0,1.0,1.0,0.0,1.0,0.0,0.0,0.0,0.0,5.0,0.0,0.0,0.0,0.0,0.0,1.0,0.0,0.0,0.0,0.0,0.0,120.0
290,15.0,11.0,0.0,0.0,6.0,0.0,0.0,0.0,0.0,5.0,0.0,10.0,1.0,1.0,0.0,0.0,2.0,0.0,0.0,0.0,0.0,0.0,1.0,122.0
291,15.0,12.0,0.0,0.0,0.0,0.0,0.0,0.0,1.0,0.0,0.0,0.0,0.0,0.0,0.0,0.0,1.0,0.0,0.0,0.0,0.0,0.0,3.0,98.0
292,15.0,13.0,0.0,2.0,0.0,1.0,3.0,0.0,0.0,1.0,2.0,1.0,0.0,1.0,0.0,0.0,14.0,0.0,0.0,0.0,1.0,0.0,2.0,106.0
293,15.0,14.0,1.0,0.0,1.0,0.0,0.0,0.0,0.0,0.0,0.0,2.0,0.0,0.0,0.0,0.0,1.0,0.0,0.0,1.0,0.0,0.0,0.0,117.0
294,15.0,15.0,0.0,0.0,0.0,0.0,0.0,0.0,0.0,0.0,1.0,0.0,0.0,0.0,0.0,1.0,1.0,0.0,0.0,0.0,0.0,0.0,0.0,189.0
295,15.0,16.0,0.0,0.0,0.0,0.0,0.0,0.0,0.0,0.0,0.0,0.0,0.0,0.0,0.0,0.0,0.0,0.0,0.0,0.0,0.0,0.0,0.0,179.0
296,15.0,17.0,0.0,1.0,1.0,0.0,0.0,0.0,0.0,7.0,1.0,7.0,0.0,1.0,0.0,0.0,0.0,0.0,0.0,0.0,0.0,0.0,0.0,114.0
297,15.0,18.0,0.0,0.0,2.0,0.0,0.0,0.0,0.0,1.0,0.0,1.0,0.0,1.0,1.0,0.0,0.0,0.0,2.0,0.0,0.0,0.0,1.0,169.0
298,15.0,19.0,0.0,2.0,0.0,0.0,1.0,2.0,1.0,0.0,1.0,1.0,0.0,0.0,0.0,0.0,10.0,1.0,0.0,1.0,0.0,1.0,0.0,135.0
299,15.0,20.0,2.0,1.0,0.0,0.0,1.0,1.0,0.0,3.0,4.0,0.0,0.0,0.0,0.0,0.0,34.0,0.0,0.0,2.0,0.0,2.0,0.0,105.0
300,16.0,1.0,2.0,0.0,0.0,0.0,0.0,0.0,2.0,0.0,0.0,5.0,0.0,0.0,0.0,0.0,0.0,4.0,20.0,0.0,0.0,0.0,0.0,137.0
301,16.0,2.0,4.0,4.0,8.0,1.0,1.0,4.0,10.0,22.0,1.0,20.0,0.0,2.0,2.0,2.0,12.0,10.0,86.0,0.0,0.0,0.0,0.0,49.0
302,16.0,3.0,1.0,0.0,13.0,0.0,1.0,2.0,2.0,6.0,0.0,19.0,2.0,2.0,5.0,1.0,3.0,4.0,35.0,0.0,0.0,0.0,0.0,90.0
303,16.0,4.0,0.0,0.0,1.0,0.0,0.0,0.0,0.0,1.0,0.0,5.0,0.0,0.0,0.0,0.0,3.0,1.0,1.0,0.0,0.0,0.0,0.0,103.0
304,16.0,5.0,0.0,3.0,10.0,0.0,0.0,0.0,2.0,29.0,0.0,28.0,0.0,1.0,8.0,1.0,0.0,7.0,63.0,0.0,0.0,0.0,0.0,74.0
305,16.0,6.0,0.0,2.0,3.0,0.0,0.0,1.0,4.0,20.0,5.0,26.0,1.0,2.0,1.0,1.0,4.0,7.0,80.0,0.0,2.0,0.0,0.0,87.0
306,16.0,7.0,0.0,0.0,1.0,0.0,0.0,0.0,0.0,2.0,0.0,6.0,0.0,0.0,1.0,0.0,0.0,1.0,12.0,0.0,0.0,0.0,0.0,178.0
307,16.0,8.0,0.0,0.0,0.0,0.0,0.0,0.0,0.0,0.0,0.0,2.0,0.0,1.0,1.0,0.0,2.0,0.0,2.0,0.0,0.0,0.0,0.0,96.0
308,16.0,9.0,0.0,0.0,0.0,0.0,0.0,1.0,0.0,0.0,0.0,4.0,0.0,1.0,0.0,0.0,4.0,0.0,0.0,0.0,0.0,0.0,0.0,153.0
309,16.0,10.0,0.0,0.0,2.0,0.0,0.0,0.0,1.0,4.0,1.0,6.0,0.0,1.0,1.0,0.0,1.0,2.0,4.0,1.0,0.0,0.0,0.0,157.0
310,16.0,11.0,0.0,0.0,0.0,0.0,0.0,0.0,0.0,0.0,0.0,0.0,0.0,2.0,0.0,0.0,0.0,0.0,0.0,0.0,0.0,0.0,0.0,150.0
311,16.0,12.0,0.0,1.0,0.0,0.0,1.0,0.0,0.0,0.0,0.0,0.0,0.0,0.0,1.0,0.0,1.0,1.0,0.0,0.0,0.0,0.0,0.0,94.0
312,16.0,13.0,1.0,3.0,1.0,0.0,2.0,1.0,1.0,4.0,0.0,2.0,0.0,4.0,0.0,0.0,44.0,0.0,0.0,3.0,0.0,0.0,1.0,84.0
313,16.0,14.0,0.0,1.0,1.0,0.0,1.0,1.0,0.0,1.0,1.0,3.0,0.0,2.0,0.0,1.0,15.0,0.0,0.0,1.0,0.0,1.0,0.0,126.0
314,16.0,15.0,0.0,1.0,0.0,0.0,0.0,0.0,1.0,3.0,0.0,0.0,0.0,0.0,1.0,0.0,8.0,0.0,0.0,3.0,0.0,0.0,1.0,107.0
315,16.0,16.0,0.0,0.0,0.0,0.0,0.0,0.0,0.0,0.0,0.0,0.0,0.0,1.0,0.0,0.0,6.0,0.0,0.0,0.0,0.0,0.0,1.0,108.0
316,16.0,17.0,0.0,6.0,0.0,2.0,0.0,1.0,0.0,5.0,0.0,5.0,0.0,1.0,0.0,1.0,18.0,0.0,0.0,1.0,0.0,0.0,1.0,120.0
317,16.0,18.0,0.0,6.0,1.0,0.0,0.0,3.0,1.0,9.0,1.0,5.0,0.0,10.0,0.0,0.0,17.0,1.0,0.0,0.0,0.0,0.0,0.0,22.0
318,16.0,19.0,0.0,2.0,0.0,0.0,2.0,1.0,0.0,0.0,1.0,3.0,0.0,3.0,0.0,0.0,29.0,0.0,0.0,0.0,0.0,0.0,0.0,18.0
319,16.0,20.0,0.0,0.0,3.0,1.0,0.0,1.0,0.0,1.0,0.0,6.0,0.0,1.0,0.0,1.0,3.0,0.0,1.0,0.0,0.0,1.0,0.0,60.0
320,17.0,1.0,0.0,0.0,2.0,1.0,0.0,0.0,7.0,5.0,0.0,3.0,0.0,0.0,0.0,0.0,0.0,4.0,10.0,0.0,0.0,1.0,0.0,156.0
321,17.0,2.0,1.0,0.0,0.0,0.0,0.0,0.0,0.0,2.0,0.0,1.0,1.0,2.0,0.0,1.0,10.0,5.0,9.0,1.0,1.0,0.0,0.0,135.0
322,17.0,3.0,3.0,2.0,0.0,2.0,1.0,4.0,1.0,5.0,2.0,6.0,0.0,2.0,1.0,0.0,51.0,0.0,0.0,4.0,0.0,3.0,1.0,49.0
323,17.0,4.0,0.0,3.0,1.0,0.0,0.0,0.0,2.0,5.0,0.0,4.0,0.0,3.0,0.0,2.0,29.0,1.0,0.0,3.0,0.0,0.0,0.0,55.0
324,17.0,5.0,1.0,1.0,2.0,0.0,4.0,1.0,17.0,10.0,0.0,8.0,0.0,1.0,1.0,0.0,0.0,9.0,57.0,0.0,0.0,0.0,0.0,148.0
325,17.0,6.0,1.0,0.0,3.0,0.0,0.0,2.0,10.0,12.0,0.0,18.0,0.0,2.0,2.0,1.0,0.0,6.0,40.0,0.0,0.0,0.0,0.0,155.0
326,17.0,7.0,0.0,0.0,0.0,0.0,0.0,0.0,0.0,1.0,1.0,0.0,0.0,1.0,0.0,0.0,7.0,0.0,0.0,1.0,0.0,1.0,0.0,165.0
327,17.0,8.0,0.0,1.0,0.0,0.0,1.0,1.0,1.0,0.0,0.0,0.0,0.0,0.0,0.0,0.0,13.0,0.0,0.0,2.0,0.0,1.0,0.0,75.0
328,17.0,9.0,1.0,1.0,8.0,1.0,1.0,0.0,9.0,4.0,0.0,3.0,0.0,4.0,0.0,1.0,3.0,11.0,13.0,1.0,1.0,0.0,1.0,225.0
329,17.0,10.0,1.0,5.0,12.0,1.0,8.0,0.0,15.0,11.0,0.0,22.0,0.0,7.0,2.0,0.0,0.0,8.0,19.0,0.0,1.0,0.0,0.0,110.0
330,17.0,11.0,0.0,1.0,3.0,0.0,4.0,0.0,4.0,1.0,5.0,0.0,0.0,2.0,2.0,0.0,0.0,0.0,11.0,0.0,4.0,0.0,0.0,151.0
331,17.0,12.0,0.0,2.0,5.0,0.0,3.0,0.0,7.0,4.0,1.0,9.0,0.0,3.0,0.0,0.0,5.0,3.0,5.0,0.0,0.0,1.0,0.0,113.0
332,17.0,13.0,0.0,1.0,1.0,1.0,0.0,4.0,0.0,3.0,1.0,0.0,0.0,0.0,0.0,2.0,29.0,0.0,0.0,4.0,1.0,1.0,0.0,141.0
333,17.0,14.0,0.0,3.0,0.0,1.0,0.0,3.0,2.0,2.0,22.0,4.0,0.0,10.0,0.0,0.0,8.0,1.0,6.0,0.0,5.0,1.0,2.0,244.0
334,17.0,15.0,0.0,0.0,0.0,0.0,0.0,1.0,1.0,0.0,41.0,3.0,0.0,1.0,1.0,0.0,1.0,2.0,2.0,0.0,33.0,1.0,2.0,76.0
335,17.0,16.0,0.0,1.0,4.0,0.0,0.0,1.0,5.0,2.0,3.0,12.0,0.0,3.0,2.0,0.0,4.0,13.0,47.0,0.0,0.0,0.0,0.0,103.0
336,17.0,17.0,0.0,2.0,0.0,0.0,0.0,1.0,0.0,1.0,0.0,0.0,0.0,0.0,0.0,0.0,9.0,0.0,0.0,2.0,0.0,0.0,0.0,90.0
337,17.0,18.0,0.0,2.0,0.0,0.0,0.0,0.0,0.0,1.0,4.0,0.0,0.0,0.0,0.0,1.0,23.0,0.0,0.0,0.0,0.0,0.0,0.0,36.0
338,17.0,19.0,0.0,0.0,0.0,0.0,0.0,0.0,0.0,0.0,2.0,0.0,0.0,0.0,0.0,0.0,5.0,0.0,0.0,1.0,2.0,0.0,0.0,3.0
339,17.0,20.0,1.0,0.0,0.0,1.0,3.0,2.0,2.0,0.0,30.0,0.0,0.0,0.0,1.0,0.0,4.0,5.0,30.0,0.0,16.0,1.0,0.0,30.0
340,18.0,1.0,0.0,0.0,0.0,0.0,0.0,0.0,0.0,0.0,0.0,0.0,0.0,0.0,0.0,0.0,1.0,0.0,0.0,0.0,0.0,0.0,1.0,177.0
341,18.0,2.0,0.0,0.0,0.0,0.0,0.0,0.0,0.0,0.0,0.0,0.0,0.0,0.0,0.0,0.0,0.0,0.0,0.0,1.0,0.0,0.0,4.0,129.0
342,18.0,3.0,0.0,1.0,0.0,0.0,0.0,1.0,1.0,1.0,0.0,0.0,0.0,0.0,0.0,0.0,7.0,0.0,0.0,1.0,0.0,0.0,0.0,108.0
343,18.0,4.0,0.0,2.0,0.0,0.0,0.0,0.0,1.0,1.0,1.0,0.0,0.0,0.0,0.0,0.0,8.0,0.0,0.0,0.0,0.0,1.0,0.0,14.0
344,18.0,5.0,0.0,0.0,0.0,0.0,0.0,0.0,0.0,0.0,0.0,0.0,0.0,0.0,0.0,0.0,0.0,0.0,0.0,1.0,0.0,0.0,0.0,177.0
345,18.0,6.0,0.0,0.0,0.0,0.0,0.0,0.0,1.0,0.0,0.0,0.0,0.0,0.0,0.0,0.0,0.0,0.0,0.0,1.0,0.0,0.0,2.0,151.0
346,18.0,7.0,0.0,0.0,0.0,0.0,0.0,0.0,1.0,0.0,0.0,0.0,0.0,0.0,0.0,0.0,2.0,0.0,0.0,0.0,0.0,1.0,1.0,170.0
347,18.0,8.0,0.0,0.0,1.0,1.0,1.0,0.0,0.0,2.0,2.0,0.0,0.0,2.0,0.0,0.0,10.0,0.0,0.0,2.0,0.0,0.0,0.0,196.0
348,18.0,9.0,0.0,0.0,4.0,0.0,0.0,0.0,0.0,5.0,0.0,9.0,0.0,4.0,0.0,0.0,1.0,0.0,0.0,0.0,0.0,0.0,0.0,36.0
349,18.0,10.0,0.0,0.0,4.0,0.0,0.0,0.0,0.0,2.0,0.0,15.0,0.0,3.0,0.0,0.0,0.0,0.0,8.0,0.0,0.0,0.0,0.0,17.0
350,18.0,11.0,0.0,0.0,9.0,0.0,2.0,2.0,2.0,1.0,1.0,3.0,0.0,5.0,0.0,1.0,0.0,2.0,4.0,0.0,0.0,0.0,0.0,148.0
351,18.0,12.0,0.0,0.0,0.0,0.0,0.0,0.0,0.0,0.0,0.0,0.0,0.0,0.0,0.0,0.0,0.0,0.0,0.0,0.0,0.0,0.0,0.0,133.0
352,18.0,13.0,0.0,3.0,5.0,1.0,3.0,0.0,0.0,2.0,0.0,2.0,0.0,2.0,0.0,0.0,4.0,0.0,0.0,0.0,0.0,0.0,0.0,91.0
353,18.0,14.0,0.0,0.0,0.0,0.0,0.0,0.0,0.0,0.0,0.0,0.0,0.0,0.0,0.0,0.0,0.0,0.0,0.0,0.0,0.0,0.0,1.0,132.0
354,18.0,15.0,0.0,1.0,0.0,0.0,0.0,0.0,0.0,1.0,0.0,0.0,0.0,0.0,0.0,0.0,1.0,0.0,0.0,0.0,0.0,0.0,0.0,161.0
355,18.0,16.0,0.0,1.0,0.0,0.0,0.0,0.0,0.0,0.0,0.0,0.0,0.0,0.0,0.0,0.0,5.0,0.0,0.0,0.0,1.0,0.0,0.0,104.0
356,18.0,17.0,0.0,0.0,1.0,0.0,0.0,0.0,0.0,0.0,0.0,2.0,0.0,1.0,0.0,1.0,0.0,1.0,0.0,0.0,0.0,0.0,0.0,107.0
357,18.0,18.0,0.0,0.0,3.0,0.0,0.0,0.0,1.0,2.0,0.0,14.0,1.0,2.0,2.0,2.0,0.0,0.0,0.0,0.0,0.0,0.0,0.0,87.0
358,18.0,19.0,0.0,0.0,1.0,0.0,0.0,0.0,0.0,2.0,0.0,4.0,0.0,0.0,0.0,0.0,1.0,0.0,0.0,0.0,0.0,0.0,0.0,158.0
359,18.0,20.0,0.0,1.0,4.0,0.0,2.0,1.0,0.0,1.0,0.0,3.0,0.0,1.0,2.0,0.0,1.0,1.0,7.0,0.0,0.0,0.0,0.0,69.0
360,19.0,1.0,1.0,0.0,14.0,0.0,1.0,0.0,4.0,9.0,1.0,32.0,0.0,2.0,2.0,0.0,1.0,1.0,1.0,0.0,0.0,0.0,0.0,143.0
361,19.0,2.0,0.0,1.0,11.0,0.0,1.0,0.0,1.0,8.0,1.0,33.0,0.0,5.0,0.0,3.0,3.0,1.0,0.0,0.0,0.0,0.0,1.0,130.0
362,19.0,3.0,0.0,0.0,12.0,0.0,1.0,1.0,2.0,5.0,0.0,14.0,0.0,2.0,0.0,0.0,1.0,1.0,3.0,0.0,0.0,0.0,0.0,167.0
363,19.0,4.0,1.0,2.0,10.0,1.0,1.0,2.0,5.0,2.0,0.0,9.0,0.0,1.0,0.0,1.0,0.0,0.0,6.0,0.0,0.0,0.0,0.0,182.0
364,19.0,5.0,0.0,0.0,0.0,0.0,0.0,0.0,1.0,1.0,1.0,0.0,0.0,0.0,0.0,1.0,12.0,0.0,0.0,0.0,0.0,0.0,0.0,150.0
365,19.0,6.0,0.0,0.0,0.0,0.0,0.0,1.0,0.0,0.0,1.0,0.0,0.0,0.0,0.0,0.0,7.0,0.0,1.0,0.0,1.0,0.0,1.0,124.0
366,19.0,7.0,0.0,0.0,19.0,0.0,4.0,1.0,7.0,1.0,0.0,16.0,0.0,0.0,4.0,3.0,2.0,3.0,5.0,0.0,0.0,0.0,0.0,163.0
367,19.0,8.0,0.0,2.0,3.0,0.0,1.0,1.0,0.0,3.0,0.0,9.0,0.0,3.0,0.0,0.0,2.0,3.0,17.0,0.0,0.0,0.0,0.0,84.0
368,19.0,9.0,0.0,2.0,0.0,0.0,0.0,0.0,0.0,4.0,0.0,8.0,0.0,2.0,0.0,0.0,1.0,0.0,0.0,0.0,0.0,0.0,0.0,167.0
369,19.0,10.0,0.0,0.0,0.0,0.0,0.0,0.0,0.0,1.0,0.0,0.0,0.0,0.0,0.0,0.0,3.0,0.0,0.0,0.0,0.0,0.0,0.0,186.0
370,19.0,11.0,1.0,0.0,7.0,1.0,4.0,1.0,6.0,3.0,0.0,5.0,0.0,2.0,1.0,2.0,2.0,2.0,11.0,0.0,0.0,0.0,0.0,142.0
371,19.0,12.0,1.0,0.0,3.0,0.0,2.0,0.0,1.0,2.0,0.0,19.0,1.0,0.0,2.0,0.0,4.0,3.0,17.0,0.0,0.0,0.0,0.0,149.0
372,19.0,13.0,0.0,0.0,1.0,0.0,0.0,0.0,0.0,0.0,0.0,0.0,0.0,0.0,0.0,1.0,0.0,0.0,0.0,0.0,0.0,0.0,0.0,262.0
373,19.0,14.0,0.0,1.0,0.0,0.0,1.0,0.0,0.0,0.0,0.0,0.0,0.0,0.0,0.0,0.0,1.0,0.0,0.0,0.0,0.0,0.0,0.0,208.0
374,19.0,15.0,0.0,0.0,1.0,2.0,0.0,1.0,1.0,0.0,1.0,0.0,0.0,0.0,1.0,1.0,18.0,1.0,7.0,0.0,0.0,1.0,0.0,111.0
375,19.0,16.0,0.0,1.0,2.0,0.0,1.0,1.0,0.0,0.0,0.0,4.0,0.0,0.0,0.0,0.0,12.0,0.0,0.0,0.0,0.0,0.0,1.0,138.0
376,19.0,17.0,0.0,2.0,7.0,2.0,0.0,2.0,4.0,6.0,2.0,21.0,0.0,10.0,0.0,3.0,12.0,1.0,1.0,0.0,0.0,1.0,1.0,85.0
377,19.0,18.0,0.0,0.0,2.0,0.0,2.0,0.0,1.0,3.0,1.0,10.0,0.0,1.0,0.0,1.0,0.0,0.0,0.0,0.0,0.0,0.0,4.0,154.0
378,19.0,19.0,0.0,0.0,0.0,1.0,0.0,2.0,1.0,0.0,0.0,0.0,0.0,2.0,0.0,1.0,20.0,1.0,0.0,2.0,1.0,0.0,3.0,141.0
379,19.0,20.0,0.0,0.0,0.0,1.0,0.0,1.0,0.0,2.0,2.0,1.0,0.0,0.0,0.0,0.0,12.0,0.0,0.0,0.0,0.0,0.0,0.0,117.0
380,20.0,1.0,0.0,0.0,4.0,1.0,0.0,0.0,1.0,4.0,2.0,14.0,2.0,6.0,1.0,1.0,2.0,0.0,0.0,0.0,0.0,0.0,0.0,90.0
381,20.0,2.0,0.0,0.0,2.0,0.0,0.0,0.0,0.0,3.0,0.0,10.0,0.0,1.0,0.0,0.0,0.0,0.0,2.0,0.0,0.0,0.0,2.0,201.0
382,20.0,3.0,0.0,0.0,1.0,1.0,0.0,0.0,0.0,2.0,0.0,2.0,0.0,3.0,0.0,0.0,1.0,0.0,0.0,0.0,0.0,1.0,0.0,168.0
383,20.0,4.0,0.0,0.0,1.0,0.0,0.0,0.0,1.0,0.0,0.0,0.0,0.0,1.0,0.0,0.0,1.0,0.0,0.0,2.0,1.0,0.0,1.0,193.0
384,20.0,5.0,0.0,0.0,0.0,0.0,0.0,0.0,0.0,0.0,0.0,0.0,0.0,0.0,0.0,0.0,0.0,0.0,0.0,0.0,0.0,0.0,0.0,158.0
385,20.0,6.0,0.0,0.0,0.0,0.0,0.0,0.0,0.0,1.0,0.0,0.0,0.0,0.0,0.0,0.0,0.0,0.0,0.0,0.0,0.0,0.0,1.0,210.0
386,20.0,7.0,0.0,1.0,5.0,0.0,0.0,0.0,0.0,0.0,0.0,2.0,0.0,1.0,0.0,0.0,1.0,0.0,0.0,0.0,0.0,0.0,2.0,197.0
387,20.0,8.0,0.0,0.0,0.0,0.0,0.0,0.0,0.0,0.0,0.0,0.0,0.0,0.0,0.0,0.0,0.0,0.0,0.0,0.0,0.0,0.0,0.0,239.0
388,20.0,9.0,0.0,0.0,0.0,0.0,0.0,0.0,0.0,0.0,1.0,0.0,0.0,0.0,0.0,0.0,0.0,0.0,0.0,0.0,0.0,0.0,1.0,211.0
389,20.0,10.0,0.0,0.0,1.0,0.0,0.0,0.0,0.0,1.0,0.0,0.0,0.0,1.0,0.0,0.0,0.0,0.0,0.0,0.0,0.0,0.0,0.0,141.0
390,20.0,11.0,0.0,0.0,1.0,0.0,0.0,0.0,0.0,0.0,0.0,0.0,0.0,0.0,0.0,0.0,0.0,0.0,0.0,0.0,0.0,0.0,0.0,147.0
391,20.0,12.0,0.0,0.0,0.0,0.0,0.0,0.0,0.0,0.0,0.0,1.0,0.0,0.0,0.0,0.0,0.0,0.0,0.0,0.0,0.0,0.0,0.0,187.0
392,20.0,13.0,0.0,0.0,0.0,0.0,1.0,0.0,0.0,0.0,0.0,0.0,0.0,0.0,0.0,0.0,0.0,0.0,0.0,0.0,0.0,1.0,1.0,350.0
393,20.0,14.0,0.0,0.0,1.0,0.0,1.0,0.0,0.0,3.0,0.0,0.0,0.0,1.0,0.0,1.0,0.0,0.0,0.0,0.0,1.0,0.0,0.0,194.0
394,20.0,15.0,0.0,0.0,1.0,0.0,0.0,0.0,0.0,0.0,0.0,0.0,0.0,0.0,0.0,0.0,1.0,0.0,0.0,0.0,0.0,0.0,0.0,185.0
395,20.0,16.0,0.0,0.0,1.0,0.0,0.0,0.0,0.0,0.0,0.0,0.0,0.0,2.0,0.0,0.0,0.0,0.0,0.0,0.0,0.0,0.0,0.0,198.0
396,20.0,17.0,0.0,1.0,0.0,0.0,1.0,0.0,0.0,3.0,0.0,0.0,0.0,0.0,1.0,0.0,0.0,0.0,0.0,1.0,1.0,1.0,0.0,203.0
397,20.0,18.0,0.0,0.0,0.0,0.0,0.0,0.0,0.0,0.0,1.0,0.0,0.0,0.0,0.0,0.0,0.0,0.0,0.0,0.0,0.0,0.0,0.0,185.0
398,20.0,19.0,0.0,1.0,1.0,0.0,0.0,2.0,0.0,0.0,2.0,0.0,0.0,0.0,0.0,0.0,18.0,0.0,0.0,2.0,0.0,1.0,1.0,123.0
399,20.0,20.0,0.0,0.0,1.0,0.0,2.0,0.0,0.0,2.0,1.0,0.0,0.0,0.0,0.0,0.0,20.0,1.0,0.0,2.0,0.0,0.0,0.0,107.0
400,21.0,1.0,1.0,2.0,1.0,0.0,3.0,2.0,4.0,6.0,2.0,7.0,0.0,1.0,0.0,2.0,55.0,0.0,0.0,1.0,0.0,1.0,1.0,24.0
401,21.0,2.0,0.0,3.0,0.0,0.0,4.0,1.0,2.0,5.0,3.0,16.0,0.0,6.0,2.0,1.0,45.0,0.0,0.0,5.0,0.0,1.0,0.0,50.0
402,21.0,3.0,0.0,2.0,3.0,0.0,2.0,3.0,3.0,3.0,1.0,15.0,0.0,2.0,0.0,1.0,16.0,0.0,1.0,0.0,0.0,2.0,0.0,114.0
403,21.0,4.0,0.0,3.0,1.0,0.0,3.0,0.0,1.0,0.0,1.0,7.0,0.0,5.0,2.0,2.0,27.0,1.0,10.0,2.0,0.0,0.0,0.0,86.0
404,21.0,5.0,0.0,5.0,2.0,1.0,0.0,2.0,1.0,1.0,3.0,13.0,0.0,1.0,1.0,2.0,38.0,0.0,0.0,3.0,0.0,0.0,0.0,31.0
405,21.0,6.0,0.0,1.0,8.0,0.0,2.0,0.0,5.0,14.0,1.0,47.0,0.0,11.0,0.0,8.0,6.0,4.0,9.0,0.0,1.0,0.0,0.0,6.0
406,21.0,7.0,1.0,1.0,1.0,0.0,2.0,0.0,2.0,0.0,0.0,34.0,0.0,3.0,0.0,2.0,4.0,3.0,17.0,0.0,1.0,0.0,0.0,115.0
407,21.0,8.0,0.0,1.0,2.0,0.0,1.0,2.0,3.0,0.0,0.0,10.0,0.0,1.0,0.0,0.0,0.0,0.0,6.0,0.0,0.0,1.0,0.0,129.0
408,21.0,9.0,1.0,0.0,1.0,1.0,0.0,2.0,1.0,1.0,1.0,0.0,0.0,2.0,1.0,0.0,33.0,0.0,0.0,0.0,0.0,0.0,0.0,94.0
409,21.0,10.0,0.0,3.0,8.0,0.0,1.0,0.0,3.0,12.0,1.0,49.0,0.0,3.0,2.0,0.0,6.0,4.0,19.0,2.0,0.0,0.0,0.0,13.0
410,21.0,11.0,2.0,2.0,6.0,1.0,1.0,2.0,2.0,12.0,20.0,47.0,0.0,4.0,6.0,0.0,4.0,12.0,80.0,0.0,1.0,0.0,0.0,7.0
411,21.0,12.0,0.0,0.0,4.0,1.0,1.0,2.0,3.0,6.0,8.0,13.0,0.0,4.0,1.0,2.0,3.0,1.0,35.0,1.0,1.0,0.0,0.0,56.0
412,21.0,13.0,0.0,1.0,5.0,0.0,0.0,1.0,0.0,2.0,0.0,16.0,1.0,4.0,2.0,0.0,3.0,1.0,6.0,0.0,0.0,1.0,0.0,158.0
413,21.0,14.0,2.0,4.0,11.0,0.0,0.0,1.0,1.0,11.0,0.0,81.0,1.0,5.0,1.0,1.0,4.0,8.0,24.0,0.0,0.0,0.0,0.0,28.0
414,21.0,15.0,0.0,0.0,6.0,1.0,2.0,0.0,4.0,4.0,15.0,34.0,0.0,4.0,5.0,1.0,4.0,1.0,10.0,0.0,2.0,0.0,0.0,57.0
415,21.0,16.0,0.0,2.0,8.0,0.0,1.0,3.0,2.0,8.0,12.0,30.0,0.0,3.0,1.0,2.0,7.0,0.0,0.0,0.0,1.0,0.0,0.0,8.0
416,21.0,17.0,0.0,1.0,2.0,0.0,2.0,0.0,0.0,1.0,0.0,14.0,0.0,1.0,0.0,0.0,9.0,2.0,9.0,0.0,1.0,2.0,2.0,130.0
417,21.0,18.0,0.0,0.0,2.0,0.0,0.0,1.0,0.0,5.0,3.0,15.0,0.0,2.0,0.0,2.0,7.0,0.0,1.0,0.0,0.0,0.0,0.0,150.0
418,21.0,19.0,0.0,0.0,2.0,0.0,0.0,0.0,1.0,5.0,1.0,34.0,0.0,6.0,0.0,0.0,4.0,0.0,0.0,1.0,0.0,0.0,0.0,33.0
419,21.0,20.0,1.0,4.0,4.0,0.0,0.0,1.0,2.0,6.0,1.0,21.0,0.0,6.0,0.0,0.0,23.0,0.0,0.0,4.0,1.0,3.0,2.0,26.0
420,22.0,1.0,1.0,3.0,0.0,0.0,0.0,3.0,4.0,1.0,0.0,0.0,0.0,3.0,0.0,0.0,23.0,1.0,1.0,0.0,0.0,0.0,0.0,81.0
421,22.0,2.0,0.0,1.0,1.0,0.0,1.0,0.0,0.0,0.0,0.0,2.0,0.0,0.0,0.0,0.0,5.0,0.0,0.0,1.0,0.0,0.0,0.0,245.0
422,22.0,3.0,0.0,0.0,1.0,0.0,1.0,0.0,0.0,0.0,5.0,15.0,0.0,1.0,1.0,0.0,7.0,0.0,0.0,0.0,0.0,1.0,4.0,139.0
423,22.0,4.0,1.0,2.0,1.0,1.0,6.0,0.0,3.0,4.0,2.0,14.0,0.0,8.0,1.0,0.0,23.0,0.0,1.0,1.0,0.0,0.0,1.0,46.0
424,22.0,5.0,1.0,0.0,5.0,0.0,0.0,1.0,2.0,3.0,0.0,16.0,0.0,3.0,2.0,0.0,2.0,2.0,17.0,1.0,0.0,0.0,0.0,164.0
425,22.0,6.0,1.0,6.0,12.0,3.0,2.0,8.0,11.0,20.0,5.0,41.0,0.0,7.0,3.0,1.0,6.0,10.0,32.0,0.0,2.0,0.0,0.0,44.0
426,22.0,7.0,3.0,2.0,12.0,0.0,2.0,7.0,4.0,19.0,2.0,41.0,0.0,5.0,3.0,2.0,2.0,1.0,4.0,0.0,0.0,0.0,0.0,95.0
427,22.0,8.0,0.0,1.0,2.0,0.0,0.0,0.0,1.0,2.0,0.0,8.0,0.0,1.0,0.0,1.0,4.0,0.0,0.0,1.0,0.0,0.0,1.0,124.0
428,22.0,9.0,0.0,0.0,1.0,0.0,2.0,1.0,0.0,0.0,1.0,0.0,0.0,1.0,0.0,0.0,10.0,0.0,0.0,1.0,0.0,0.0,1.0,149.0
429,22.0,10.0,0.0,2.0,5.0,0.0,0.0,1.0,4.0,4.0,2.0,20.0,0.0,6.0,1.0,1.0,1.0,1.0,9.0,1.0,1.0,0.0,2.0,206.0
430,22.0,11.0,0.0,1.0,0.0,0.0,1.0,1.0,1.0,1.0,1.0,5.0,0.0,2.0,0.0,0.0,7.0,0.0,0.0,0.0,0.0,1.0,0.0,166.0
431,22.0,12.0,0.0,0.0,0.0,0.0,0.0,0.0,0.0,0.0,0.0,1.0,0.0,2.0,0.0,1.0,3.0,0.0,0.0,0.0,0.0,0.0,0.0,160.0
432,22.0,13.0,0.0,0.0,1.0,0.0,0.0,0.0,0.0,1.0,1.0,6.0,0.0,0.0,1.0,0.0,6.0,2.0,13.0,1.0,1.0,0.0,1.0,128.0
433,22.0,14.0,0.0,0.0,1.0,0.0,0.0,0.0,0.0,0.0,2.0,0.0,0.0,1.0,0.0,1.0,8.0,0.0,0.0,0.0,1.0,0.0,4.0,163.0
434,22.0,15.0,1.0,0.0,0.0,0.0,0.0,0.0,0.0,1.0,1.0,0.0,0.0,0.0,0.0,0.0,7.0,0.0,0.0,1.0,0.0,0.0,1.0,136.0
435,22.0,16.0,0.0,0.0,4.0,0.0,1.0,0.0,3.0,2.0,0.0,28.0,0.0,4.0,0.0,1.0,0.0,5.0,38.0,0.0,0.0,0.0,0.0,123.0
436,22.0,17.0,0.0,0.0,0.0,0.0,1.0,1.0,2.0,7.0,3.0,4.0,2.0,3.0,0.0,0.0,1.0,8.0,43.0,1.0,7.0,0.0,1.0,169.0
437,22.0,18.0,0.0,1.0,5.0,1.0,2.0,1.0,16.0,14.0,1.0,15.0,1.0,0.0,1.0,0.0,1.0,10.0,45.0,1.0,0.0,0.0,0.0,88.0
438,22.0,19.0,0.0,1.0,1.0,0.0,1.0,0.0,7.0,1.0,1.0,3.0,0.0,1.0,1.0,0.0,1.0,3.0,19.0,0.0,1.0,1.0,1.0,129.0
439,22.0,20.0,0.0,0.0,2.0,0.0,2.0,0.0,2.0,0.0,0.0,0.0,0.0,1.0,0.0,0.0,0.0,1.0,2.0,0.0,0.0,0.0,1.0,189.0
440,23.0,1.0,1.0,0.0,0.0,0.0,1.0,0.0,1.0,6.0,23.0,0.0,0.0,0.0,0.0,0.0,0.0,2.0,3.0,1.0,7.0,0.0,0.0,34.0
441,23.0,2.0,1.0,2.0,1.0,0.0,5.0,2.0,8.0,6.0,2.0,5.0,0.0,2.0,0.0,0.0,6.0,2.0,12.0,0.0,1.0,1.0,2.0,115.0
442,23.0,3.0,2.0,0.0,1.0,0.0,0.0,0.0,10.0,5.0,7.0,4.0,0.0,2.0,3.0,1.0,4.0,2.0,47.0,2.0,1.0,1.0,1.0,54.0
443,23.0,4.0,0.0,0.0,0.0,0.0,1.0,0.0,0.0,0.0,0.0,1.0,0.0,0.0,0.0,0.0,0.0,1.0,8.0,0.0,1.0,1.0,0.0,76.0
444,23.0,5.0,0.0,0.0,0.0,0.0,0.0,0.0,0.0,0.0,1.0,0.0,0.0,0.0,0.0,0.0,4.0,0.0,0.0,0.0,0.0,0.0,0.0,79.0
445,23.0,6.0,0.0,1.0,0.0,0.0,0.0,0.0,0.0,1.0,1.0,0.0,0.0,0.0,0.0,0.0,3.0,0.0,0.0,3.0,0.0,1.0,0.0,49.0
446,23.0,7.0,0.0,1.0,0.0,1.0,0.0,1.0,4.0,3.0,3.0,0.0,0.0,0.0,3.0,0.0,22.0,2.0,10.0,0.0,0.0,1.0,2.0,25.0
447,23.0,8.0,0.0,1.0,0.0,0.0,0.0,0.0,2.0,1.0,3.0,0.0,0.0,0.0,0.0,1.0,2.0,3.0,6.0,0.0,0.0,0.0,1.0,82.0
448,23.0,9.0,0.0,0.0,0.0,0.0,0.0,0.0,0.0,0.0,0.0,0.0,0.0,0.0,0.0,0.0,0.0,0.0,0.0,0.0,0.0,0.0,0.0,146.0
449,23.0,10.0,0.0,0.0,2.0,0.0,0.0,0.0,0.0,2.0,0.0,2.0,0.0,0.0,0.0,0.0,0.0,0.0,0.0,0.0,0.0,0.0,0.0,156.0
450,23.0,11.0,0.0,0.0,0.0,0.0,0.0,0.0,0.0,0.0,0.0,1.0,0.0,0.0,0.0,0.0,1.0,0.0,0.0,0.0,0.0,0.0,0.0,99.0
451,23.0,12.0,1.0,1.0,0.0,0.0,0.0,0.0,1.0,0.0,1.0,0.0,0.0,1.0,1.0,0.0,11.0,0.0,0.0,0.0,0.0,0.0,0.0,10.0
452,23.0,13.0,0.0,0.0,1.0,0.0,0.0,0.0,0.0,0.0,0.0,3.0,0.0,0.0,0.0,0.0,0.0,0.0,0.0,0.0,0.0,0.0,0.0,118.0
453,23.0,14.0,0.0,0.0,13.0,0.0,1.0,1.0,3.0,1.0,0.0,4.0,0.0,3.0,1.0,0.0,1.0,4.0,6.0,0.0,0.0,0.0,0.0,52.0
454,23.0,15.0,0.0,0.0,5.0,0.0,4.0,1.0,1.0,0.0,1.0,6.0,0.0,6.0,0.0,0.0,0.0,0.0,1.0,0.0,0.0,0.0,0.0,82.0
455,23.0,16.0,0.0,0.0,0.0,0.0,0.0,0.0,0.0,0.0,0.0,0.0,0.0,1.0,0.0,0.0,0.0,0.0,0.0,0.0,0.0,0.0,0.0,101.0
456,23.0,17.0,0.0,0.0,3.0,0.0,0.0,0.0,3.0,3.0,0.0,11.0,0.0,3.0,0.0,0.0,0.0,5.0,15.0,0.0,1.0,0.0,0.0,17.0
457,23.0,18.0,0.0,0.0,4.0,0.0,1.0,0.0,1.0,5.0,0.0,6.0,0.0,3.0,0.0,0.0,1.0,7.0,4.0,0.0,0.0,0.0,0.0,3.0
458,23.0,19.0,1.0,1.0,6.0,0.0,2.0,1.0,3.0,5.0,0.0,4.0,0.0,1.0,3.0,1.0,1.0,1.0,8.0,0.0,0.0,0.0,0.0,24.0
459,23.0,20.0,0.0,0.0,0.0,0.0,0.0,0.0,0.0,0.0,0.0,0.0,0.0,1.0,0.0,0.0,0.0,0.0,0.0,0.0,0.0,0.0,0.0,70.0
460,24.0,1.0,0.0,0.0,0.0,0.0,2.0,0.0,1.0,0.0,0.0,1.0,0.0,0.0,0.0,0.0,0.0,0.0,0.0,0.0,2.0,0.0,0.0,172.0
461,24.0,2.0,0.0,0.0,0.0,0.0,0.0,0.0,1.0,0.0,0.0,1.0,0.0,0.0,0.0,0.0,0.0,0.0,1.0,0.0,0.0,0.0,0.0,131.0
462,24.0,3.0,0.0,1.0,4.0,0.0,3.0,0.0,0.0,4.0,0.0,9.0,0.0,2.0,1.0,0.0,0.0,0.0,0.0,0.0,1.0,0.0,0.0,87.0
463,24.0,4.0,0.0,0.0,0.0,0.0,0.0,0.0,0.0,0.0,0.0,0.0,0.0,0.0,0.0,0.0,0.0,0.0,0.0,0.0,0.0,0.0,0.0,73.0
464,24.0,5.0,0.0,0.0,3.0,0.0,0.0,0.0,0.0,3.0,1.0,13.0,0.0,2.0,1.0,0.0,1.0,2.0,0.0,0.0,0.0,0.0,0.0,128.0
465,24.0,6.0,1.0,0.0,7.0,0.0,1.0,0.0,1.0,5.0,0.0,17.0,0.0,4.0,3.0,0.0,1.0,1.0,0.0,0.0,0.0,0.0,0.0,87.0
466,24.0,7.0,1.0,2.0,0.0,0.0,0.0,1.0,0.0,0.0,3.0,0.0,0.0,0.0,0.0,0.0,31.0,0.0,0.0,0.0,0.0,1.0,0.0,91.0
467,24.0,8.0,0.0,1.0,2.0,0.0,0.0,1.0,0.0,0.0,0.0,0.0,0.0,0.0,0.0,0.0,6.0,0.0,0.0,0.0,0.0,0.0,1.0,42.0
468,24.0,9.0,0.0,1.0,0.0,0.0,0.0,0.0,0.0,0.0,1.0,0.0,0.0,0.0,0.0,0.0,6.0,0.0,0.0,0.0,0.0,0.0,1.0,149.0
469,24.0,10.0,0.0,0.0,5.0,0.0,0.0,1.0,0.0,11.0,0.0,9.0,0.0,3.0,1.0,0.0,0.0,0.0,0.0,0.0,0.0,0.0,0.0,174.0
470,24.0,11.0,1.0,0.0,0.0,0.0,0.0,0.0,0.0,1.0,0.0,1.0,0.0,0.0,0.0,0.0,4.0,0.0,0.0,0.0,0.0,0.0,0.0,46.0
471,24.0,12.0,0.0,2.0,1.0,1.0,1.0,0.0,2.0,1.0,4.0,0.0,0.0,0.0,0.0,0.0,14.0,0.0,0.0,1.0,0.0,1.0,0.0,66.0
472,24.0,13.0,0.0,0.0,2.0,0.0,0.0,0.0,1.0,1.0,0.0,8.0,0.0,1.0,0.0,0.0,0.0,0.0,0.0,0.0,0.0,0.0,0.0,81.0
473,24.0,14.0,0.0,1.0,1.0,0.0,0.0,1.0,0.0,0.0,2.0,2.0,0.0,1.0,0.0,0.0,1.0,0.0,0.0,0.0,0.0,0.0,0.0,135.0
474,24.0,15.0,0.0,1.0,1.0,0.0,1.0,0.0,0.0,3.0,2.0,0.0,0.0,0.0,0.0,0.0,35.0,0.0,0.0,3.0,0.0,3.0,1.0,41.0
475,24.0,16.0,0.0,2.0,0.0,1.0,0.0,0.0,1.0,0.0,0.0,0.0,0.0,0.0,0.0,0.0,3.0,0.0,0.0,0.0,0.0,0.0,0.0,37.0
476,24.0,17.0,0.0,0.0,1.0,0.0,0.0,0.0,0.0,0.0,0.0,1.0,0.0,0.0,0.0,0.0,0.0,0.0,0.0,0.0,0.0,0.0,0.0,81.0
477,24.0,18.0,0.0,1.0,0.0,0.0,1.0,1.0,3.0,2.0,1.0,1.0,0.0,0.0,0.0,0.0,35.0,0.0,0.0,1.0,0.0,0.0,1.0,37.0
478,24.0,19.0,1.0,1.0,0.0,0.0,0.0,0.0,1.0,0.0,2.0,0.0,0.0,0.0,0.0,0.0,18.0,0.0,0.0,1.0,0.0,0.0,1.0,41.0
479,24.0,20.0,0.0,0.0,0.0,0.0,0.0,0.0,0.0,0.0,0.0,0.0,0.0,0.0,0.0,0.0,0.0,0.0,0.0,0.0,0.0,0.0,1.0,171.0
480,25.0,1.0,0.0,1.0,0.0,0.0,0.0,0.0,0.0,2.0,0.0,1.0,0.0,1.0,0.0,0.0,12.0,0.0,0.0,1.0,1.0,0.0,1.0,121.0
481,25.0,2.0,0.0,3.0,0.0,0.0,4.0,1.0,1.0,4.0,6.0,0.0,0.0,0.0,0.0,0.0,32.0,0.0,0.0,3.0,1.0,1.0,2.0,86.0
482,25.0,3.0,0.0,0.0,0.0,0.0,0.0,0.0,0.0,2.0,1.0,0.0,0.0,0.0,0.0,0.0,11.0,0.0,0.0,0.0,1.0,0.0,1.0,38.0
483,25.0,4.0,0.0,0.0,0.0,0.0,0.0,0.0,0.0,0.0,1.0,3.0,0.0,0.0,1.0,0.0,0.0,0.0,0.0,0.0,0.0,0.0,0.0,120.0
484,25.0,5.0,0.0,0.0,0.0,0.0,0.0,0.0,0.0,1.0,0.0,0.0,0.0,0.0,0.0,0.0,0.0,0.0,0.0,0.0,0.0,0.0,0.0,269.0
485,25.0,6.0,0.0,0.0,0.0,0.0,0.0,0.0,0.0,0.0,0.0,0.0,0.0,1.0,0.0,0.0,2.0,0.0,0.0,0.0,0.0,0.0,0.0,211.0
486,25.0,7.0,1.0,0.0,0.0,1.0,0.0,1.0,0.0,3.0,3.0,0.0,0.0,1.0,0.0,0.0,21.0,0.0,0.0,4.0,0.0,0.0,0.0,101.0
487,25.0,8.0,0.0,0.0,0.0,2.0,0.0,0.0,0.0,0.0,0.0,0.0,0.0,0.0,0.0,0.0,11.0,0.0,0.0,0.0,0.0,1.0,0.0,16.0
488,25.0,9.0,0.0,0.0,5.0,0.0,0.0,0.0,0.0,1.0,0.0,4.0,0.0,1.0,1.0,0.0,1.0,0.0,0.0,0.0,0.0,0.0,1.0,175.0
489,25.0,10.0,0.0,0.0,2.0,0.0,0.0,1.0,0.0,1.0,0.0,5.0,0.0,0.0,0.0,0.0,0.0,0.0,0.0,0.0,0.0,0.0,0.0,175.0
490,25.0,11.0,0.0,0.0,0.0,0.0,0.0,0.0,1.0,0.0,1.0,1.0,0.0,0.0,0.0,0.0,2.0,0.0,0.0,0.0,0.0,0.0,0.0,179.0
491,25.0,12.0,0.0,1.0,0.0,0.0,0.0,1.0,1.0,4.0,2.0,0.0,0.0,0.0,0.0,0.0,23.0,1.0,0.0,2.0,0.0,0.0,3.0,95.0
492,25.0,13.0,0.0,0.0,3.0,0.0,0.0,0.0,0.0,7.0,0.0,4.0,0.0,1.0,0.0,0.0,0.0,0.0,0.0,1.0,0.0,0.0,0.0,165.0
493,25.0,14.0,0.0,0.0,0.0,0.0,0.0,0.0,0.0,0.0,0.0,1.0,0.0,0.0,0.0,0.0,0.0,0.0,0.0,1.0,0.0,0.0,0.0,148.0
494,25.0,15.0,0.0,0.0,0.0,0.0,0.0,0.0,0.0,0.0,0.0,0.0,0.0,0.0,0.0,0.0,1.0,0.0,0.0,0.0,0.0,0.0,0.0,112.0
495,25.0,16.0,0.0,0.0,0.0,0.0,0.0,0.0,0.0,0.0,0.0,0.0,0.0,1.0,0.0,0.0,0.0,0.0,0.0,0.0,0.0,0.0,0.0,161.0
496,25.0,17.0,1.0,1.0,0.0,0.0,2.0,0.0,0.0,0.0,2.0,1.0,0.0,0.0,0.0,0.0,25.0,0.0,0.0,0.0,0.0,0.0,0.0,118.0
497,25.0,18.0,0.0,1.0,0.0,1.0,0.0,2.0,0.0,0.0,1.0,0.0,0.0,1.0,1.0,0.0,24.0,0.0,0.0,2.0,0.0,0.0,2.0,58.0
498,25.0,19.0,1.0,0.0,0.0,0.0,0.0,1.0,0.0,3.0,2.0,1.0,0.0,0.0,0.0,0.0,20.0,0.0,0.0,4.0,0.0,0.0,2.0,75.0
499,25.0,20.0,0.0,0.0,4.0,0.0,0.0,0.0,0.0,2.0,0.0,4.0,0.0,0.0,0.0,0.0,4.0,0.0,0.0,1.0,0.0,0.0,1.0,63.0
500,26.0,1.0,0.0,1.0,5.0,0.0,1.0,0.0,2.0,2.0,0.0,29.0,0.0,3.0,1.0,0.0,0.0,3.0,21.0,0.0,2.0,0.0,0.0,69.0
501,26.0,2.0,0.0,1.0,2.0,0.0,1.0,0.0,3.0,1.0,3.0,26.0,0.0,1.0,1.0,2.0,2.0,5.0,36.0,0.0,1.0,0.0,0.0,71.0
502,26.0,3.0,0.0,0.0,1.0,0.0,0.0,0.0,1.0,0.0,0.0,6.0,0.0,1.0,0.0,0.0,0.0,0.0,4.0,0.0,0.0,0.0,0.0,45.0
503,26.0,4.0,0.0,1.0,0.0,0.0,1.0,0.0,1.0,3.0,1.0,3.0,0.0,0.0,0.0,0.0,10.0,0.0,0.0,0.0,0.0,0.0,0.0,68.0
504,26.0,5.0,0.0,0.0,9.0,1.0,2.0,1.0,6.0,11.0,0.0,61.0,0.0,2.0,2.0,1.0,1.0,4.0,59.0,0.0,0.0,0.0,0.0,23.0
505,26.0,6.0,0.0,1.0,2.0,0.0,0.0,0.0,1.0,1.0,0.0,22.0,0.0,0.0,1.0,0.0,0.0,4.0,17.0,0.0,0.0,0.0,0.0,82.0
506,26.0,7.0,0.0,0.0,0.0,0.0,0.0,0.0,0.0,0.0,0.0,5.0,0.0,1.0,0.0,0.0,0.0,1.0,3.0,0.0,0.0,0.0,0.0,76.0
507,26.0,8.0,0.0,0.0,0.0,0.0,0.0,0.0,0.0,2.0,0.0,6.0,0.0,0.0,0.0,0.0,0.0,0.0,0.0,0.0,1.0,0.0,0.0,76.0
508,26.0,9.0,0.0,1.0,1.0,0.0,0.0,0.0,3.0,1.0,0.0,3.0,0.0,2.0,0.0,0.0,0.0,1.0,1.0,0.0,0.0,0.0,0.0,111.0
509,26.0,10.0,0.0,0.0,1.0,0.0,0.0,0.0,0.0,1.0,0.0,22.0,0.0,0.0,0.0,0.0,0.0,0.0,3.0,0.0,0.0,0.0,0.0,137.0
510,26.0,11.0,0.0,1.0,1.0,0.0,1.0,0.0,1.0,2.0,3.0,18.0,0.0,7.0,0.0,0.0,1.0,0.0,6.0,0.0,1.0,0.0,0.0,127.0
511,26.0,12.0,0.0,0.0,4.0,0.0,1.0,0.0,2.0,4.0,0.0,10.0,0.0,10.0,0.0,0.0,12.0,0.0,0.0,0.0,1.0,1.0,1.0,59.0
512,26.0,13.0,0.0,1.0,1.0,1.0,0.0,0.0,1.0,9.0,4.0,19.0,0.0,0.0,0.0,2.0,6.0,4.0,1.0,1.0,1.0,0.0,1.0,19.0
513,26.0,14.0,0.0,2.0,4.0,0.0,5.0,0.0,1.0,12.0,10.0,31.0,0.0,4.0,2.0,0.0,8.0,3.0,15.0,2.0,0.0,0.0,0.0,26.0
514,26.0,15.0,1.0,2.0,7.0,0.0,2.0,0.0,1.0,10.0,10.0,35.0,0.0,9.0,0.0,6.0,10.0,1.0,6.0,0.0,1.0,0.0,0.0,25.0
515,26.0,16.0,0.0,0.0,3.0,1.0,1.0,0.0,0.0,5.0,9.0,26.0,0.0,2.0,0.0,1.0,3.0,0.0,7.0,0.0,0.0,0.0,0.0,65.0
516,26.0,17.0,1.0,1.0,1.0,0.0,0.0,1.0,2.0,1.0,0.0,12.0,0.0,7.0,0.0,1.0,5.0,0.0,18.0,3.0,1.0,0.0,0.0,4.0
517,26.0,18.0,0.0,2.0,8.0,0.0,0.0,1.0,3.0,13.0,5.0,58.0,0.0,1.0,0.0,3.0,5.0,2.0,9.0,2.0,1.0,1.0,0.0,4.0
518,26.0,19.0,0.0,1.0,8.0,1.0,2.0,0.0,1.0,7.0,11.0,67.0,0.0,2.0,2.0,4.0,1.0,2.0,1.0,0.0,1.0,1.0,0.0,40.0
519,26.0,20.0,0.0,0.0,0.0,0.0,1.0,2.0,0.0,1.0,2.0,4.0,0.0,0.0,0.0,0.0,2.0,0.0,0.0,0.0,0.0,0.0,1.0,103.0
520,27.0,1.0,1.0,0.0,1.0,0.0,1.0,0.0,1.0,3.0,1.0,9.0,0.0,14.0,1.0,3.0,5.0,0.0,0.0,1.0,0.0,0.0,0.0,78.0
521,27.0,2.0,0.0,1.0,4.0,1.0,1.0,1.0,2.0,3.0,4.0,15.0,0.0,11.0,0.0,1.0,16.0,1.0,0.0,0.0,1.0,0.0,0.0,28.0
522,27.0,3.0,0.0,1.0,7.0,0.0,1.0,2.0,2.0,15.0,1.0,41.0,0.0,8.0,2.0,2.0,27.0,2.0,0.0,1.0,0.0,0.0,2.0,48.0
523,27.0,4.0,1.0,0.0,12.0,1.0,2.0,1.0,5.0,4.0,1.0,18.0,0.0,1.0,2.0,2.0,4.0,5.0,24.0,1.0,0.0,0.0,0.0,83.0
524,27.0,5.0,0.0,0.0,1.0,0.0,1.0,0.0,0.0,1.0,1.0,8.0,0.0,2.0,0.0,0.0,3.0,0.0,0.0,0.0,0.0,0.0,0.0,143.0
525,27.0,6.0,0.0,3.0,6.0,0.0,3.0,1.0,1.0,11.0,0.0,24.0,0.0,2.0,0.0,0.0,6.0,1.0,1.0,0.0,0.0,0.0,0.0,84.0
526,27.0,7.0,3.0,5.0,0.0,1.0,0.0,2.0,6.0,1.0,5.0,0.0,0.0,1.0,0.0,0.0,108.0,1.0,1.0,2.0,0.0,1.0,0.0,59.0
527,27.0,8.0,4.0,5.0,0.0,0.0,1.0,2.0,0.0,5.0,5.0,1.0,0.0,1.0,1.0,1.0,112.0,1.0,0.0,4.0,0.0,2.0,1.0,51.0
528,27.0,9.0,0.0,0.0,3.0,0.0,0.0,0.0,1.0,0.0,0.0,5.0,0.0,4.0,0.0,0.0,2.0,1.0,1.0,0.0,0.0,1.0,0.0,179.0
529,27.0,10.0,1.0,0.0,0.0,0.0,1.0,1.0,5.0,0.0,0.0,7.0,0.0,2.0,2.0,0.0,0.0,8.0,29.0,0.0,0.0,0.0,0.0,185.0
530,27.0,11.0,0.0,1.0,0.0,0.0,1.0,0.0,0.0,1.0,1.0,0.0,0.0,4.0,1.0,0.0,9.0,0.0,0.0,0.0,1.0,0.0,0.0,145.0
531,27.0,12.0,0.0,1.0,2.0,0.0,0.0,0.0,0.0,0.0,0.0,10.0,0.0,1.0,0.0,0.0,0.0,0.0,2.0,0.0,0.0,0.0,0.0,152.0
532,27.0,13.0,0.0,0.0,1.0,0.0,0.0,2.0,1.0,2.0,1.0,17.0,0.0,7.0,1.0,3.0,0.0,1.0,21.0,0.0,0.0,0.0,1.0,130.0
533,27.0,14.0,0.0,1.0,5.0,1.0,0.0,0.0,4.0,4.0,0.0,53.0,0.0,2.0,1.0,0.0,1.0,2.0,17.0,0.0,0.0,0.0,0.0,95.0
534,27.0,15.0,0.0,0.0,4.0,0.0,0.0,0.0,1.0,5.0,1.0,19.0,0.0,3.0,1.0,1.0,0.0,0.0,1.0,0.0,0.0,0.0,0.0,154.0
535,27.0,16.0,0.0,0.0,3.0,0.0,0.0,0.0,0.0,2.0,0.0,2.0,0.0,0.0,0.0,0.0,0.0,1.0,1.0,0.0,0.0,0.0,0.0,173.0
536,27.0,17.0,0.0,0.0,1.0,0.0,0.0,0.0,0.0,0.0,0.0,0.0,0.0,0.0,0.0,0.0,0.0,0.0,0.0,0.0,0.0,0.0,1.0,218.0
537,27.0,18.0,0.0,0.0,7.0,0.0,1.0,0.0,1.0,2.0,0.0,52.0,0.0,3.0,0.0,2.0,0.0,0.0,0.0,1.0,0.0,0.0,0.0,93.0
538,27.0,19.0,0.0,1.0,2.0,0.0,0.0,0.0,1.0,4.0,0.0,12.0,0.0,5.0,0.0,0.0,1.0,0.0,0.0,0.0,1.0,0.0,0.0,1.0
539,27.0,20.0,0.0,1.0,0.0,0.0,0.0,0.0,0.0,0.0,0.0,4.0,0.0,1.0,0.0,0.0,0.0,0.0,0.0,0.0,1.0,0.0,0.0,7.0
540,28.0,1.0,0.0,4.0,14.0,1.0,2.0,1.0,2.0,10.0,0.0,16.0,1.0,5.0,1.0,0.0,1.0,0.0,3.0,0.0,0.0,0.0,0.0,129.0
541,28.0,2.0,0.0,1.0,3.0,0.0,0.0,0.0,0.0,2.0,0.0,13.0,0.0,0.0,0.0,0.0,0.0,0.0,2.0,0.0,1.0,0.0,0.0,145.0
542,28.0,3.0,1.0,0.0,2.0,1.0,0.0,0.0,1.0,5.0,0.0,22.0,0.0,5.0,0.0,3.0,2.0,1.0,0.0,0.0,0.0,0.0,0.0,0.0
543,28.0,4.0,0.0,0.0,0.0,0.0,0.0,0.0,0.0,0.0,0.0,0.0,0.0,0.0,0.0,0.0,0.0,0.0,0.0,0.0,0.0,0.0,0.0,0.0
544,28.0,5.0,0.0,2.0,0.0,1.0,0.0,1.0,4.0,2.0,0.0,2.0,0.0,1.0,0.0,0.0,1.0,0.0,0.0,0.0,0.0,0.0,2.0,194.0
545,28.0,6.0,0.0,0.0,0.0,1.0,0.0,0.0,0.0,0.0,0.0,0.0,0.0,0.0,0.0,0.0,0.0,0.0,0.0,0.0,0.0,0.0,0.0,187.0
546,28.0,7.0,0.0,0.0,13.0,2.0,0.0,1.0,1.0,8.0,0.0,33.0,1.0,4.0,1.0,0.0,0.0,8.0,15.0,0.0,0.0,0.0,0.0,79.0
547,28.0,8.0,0.0,0.0,0.0,0.0,0.0,0.0,0.0,0.0,1.0,1.0,0.0,0.0,0.0,0.0,0.0,0.0,1.0,0.0,0.0,0.0,0.0,2.0
548,28.0,9.0,0.0,1.0,0.0,1.0,0.0,1.0,0.0,0.0,1.0,1.0,0.0,0.0,0.0,0.0,8.0,0.0,0.0,0.0,0.0,0.0,0.0,25.0
549,28.0,10.0,0.0,2.0,0.0,0.0,2.0,0.0,1.0,0.0,2.0,0.0,0.0,1.0,0.0,0.0,33.0,0.0,0.0,1.0,0.0,1.0,1.0,33.0
550,28.0,11.0,0.0,2.0,1.0,1.0,0.0,0.0,0.0,2.0,0.0,2.0,0.0,0.0,0.0,0.0,6.0,0.0,0.0,2.0,0.0,0.0,0.0,177.0
551,28.0,12.0,0.0,0.0,4.0,0.0,4.0,2.0,4.0,2.0,0.0,6.0,0.0,0.0,3.0,1.0,1.0,0.0,9.0,0.0,0.0,0.0,0.0,135.0
552,28.0,13.0,0.0,1.0,1.0,0.0,2.0,1.0,1.0,3.0,0.0,10.0,0.0,3.0,0.0,1.0,3.0,0.0,0.0,0.0,0.0,0.0,0.0,136.0
553,28.0,14.0,0.0,0.0,0.0,0.0,1.0,0.0,0.0,0.0,1.0,0.0,0.0,0.0,0.0,0.0,1.0,0.0,0.0,0.0,0.0,0.0,0.0,111.0
554,28.0,15.0,0.0,0.0,0.0,1.0,0.0,0.0,0.0,0.0,1.0,1.0,0.0,1.0,0.0,0.0,1.0,0.0,0.0,1.0,0.0,0.0,0.0,36.0
555,28.0,16.0,0.0,1.0,0.0,0.0,0.0,0.0,0.0,0.0,1.0,3.0,0.0,0.0,0.0,2.0,1.0,0.0,0.0,0.0,1.0,0.0,4.0,130.0
556,28.0,17.0,0.0,0.0,0.0,0.0,0.0,0.0,0.0,1.0,0.0,0.0,0.0,0.0,0.0,0.0,2.0,0.0,0.0,0.0,0.0,0.0,0.0,239.0
557,28.0,18.0,0.0,0.0,0.0,0.0,0.0,0.0,0.0,0.0,0.0,0.0,0.0,0.0,0.0,0.0,0.0,0.0,0.0,0.0,0.0,0.0,0.0,211.0
558,28.0,19.0,0.0,0.0,2.0,0.0,1.0,0.0,2.0,7.0,0.0,7.0,0.0,0.0,2.0,0.0,0.0,5.0,10.0,0.0,0.0,0.0,0.0,115.0
559,28.0,20.0,0.0,0.0,0.0,0.0,0.0,0.0,0.0,0.0,0.0,0.0,0.0,0.0,0.0,0.0,0.0,0.0,0.0,0.0,0.0,0.0,1.0,66.0
560,29.0,1.0,0.0,0.0,0.0,0.0,0.0,0.0,2.0,1.0,0.0,2.0,0.0,1.0,0.0,0.0,0.0,0.0,1.0,0.0,0.0,0.0,0.0,130.0
561,29.0,2.0,0.0,1.0,3.0,0.0,1.0,0.0,1.0,2.0,0.0,1.0,0.0,2.0,1.0,0.0,0.0,3.0,7.0,0.0,0.0,0.0,0.0,88.0
562,29.0,3.0,0.0,1.0,0.0,0.0,0.0,0.0,0.0,1.0,0.0,1.0,0.0,1.0,0.0,0.0,0.0,1.0,0.0,1.0,0.0,0.0,0.0,90.0
563,29.0,4.0,0.0,0.0,0.0,0.0,0.0,1.0,0.0,0.0,0.0,1.0,0.0,0.0,0.0,0.0,0.0,0.0,1.0,0.0,0.0,0.0,0.0,96.0
564,29.0,5.0,0.0,0.0,0.0,0.0,0.0,0.0,0.0,1.0,0.0,0.0,0.0,0.0,0.0,0.0,0.0,0.0,0.0,0.0,0.0,0.0,0.0,116.0
565,29.0,6.0,0.0,0.0,0.0,0.0,0.0,0.0,0.0,0.0,1.0,0.0,0.0,2.0,0.0,0.0,7.0,0.0,0.0,1.0,0.0,0.0,0.0,61.0
566,29.0,7.0,0.0,0.0,1.0,0.0,1.0,0.0,0.0,4.0,0.0,1.0,0.0,1.0,0.0,0.0,1.0,1.0,0.0,0.0,0.0,0.0,0.0,98.0
567,29.0,8.0,0.0,0.0,0.0,0.0,0.0,0.0,0.0,0.0,0.0,0.0,0.0,0.0,0.0,0.0,0.0,0.0,1.0,0.0,0.0,0.0,0.0,82.0
568,29.0,9.0,0.0,0.0,1.0,0.0,0.0,0.0,0.0,0.0,0.0,2.0,0.0,1.0,0.0,0.0,0.0,0.0,3.0,0.0,0.0,0.0,0.0,125.0
569,29.0,10.0,1.0,0.0,0.0,0.0,0.0,0.0,0.0,1.0,0.0,0.0,0.0,0.0,0.0,0.0,17.0,0.0,1.0,2.0,0.0,0.0,0.0,45.0
570,29.0,11.0,0.0,0.0,0.0,0.0,0.0,1.0,1.0,0.0,0.0,0.0,0.0,1.0,0.0,0.0,2.0,0.0,0.0,0.0,0.0,0.0,0.0,69.0
571,29.0,12.0,0.0,0.0,0.0,0.0,0.0,0.0,0.0,0.0,0.0,0.0,0.0,0.0,0.0,0.0,0.0,0.0,1.0,0.0,0.0,1.0,0.0,103.0
572,29.0,13.0,0.0,0.0,6.0,0.0,0.0,0.0,1.0,3.0,0.0,4.0,0.0,4.0,0.0,0.0,5.0,0.0,0.0,1.0,0.0,0.0,1.0,133.0
573,29.0,14.0,0.0,0.0,0.0,1.0,0.0,1.0,2.0,1.0,1.0,0.0,0.0,3.0,1.0,0.0,14.0,0.0,0.0,2.0,0.0,0.0,0.0,67.0
574,29.0,15.0,1.0,0.0,0.0,0.0,0.0,1.0,0.0,0.0,0.0,0.0,0.0,1.0,0.0,0.0,1.0,0.0,0.0,0.0,0.0,0.0,0.0,107.0
575,29.0,16.0,0.0,0.0,1.0,0.0,2.0,0.0,0.0,0.0,0.0,2.0,0.0,0.0,0.0,0.0,0.0,0.0,0.0,0.0,0.0,0.0,0.0,51.0
576,29.0,17.0,0.0,1.0,9.0,1.0,2.0,1.0,0.0,8.0,2.0,19.0,0.0,2.0,1.0,0.0,2.0,0.0,0.0,0.0,1.0,0.0,0.0,154.0
577,29.0,18.0,0.0,0.0,1.0,0.0,0.0,0.0,0.0,2.0,0.0,0.0,0.0,0.0,0.0,0.0,5.0,0.0,0.0,1.0,0.0,0.0,1.0,159.0
578,29.0,19.0,0.0,0.0,0.0,0.0,0.0,0.0,0.0,0.0,0.0,0.0,0.0,0.0,0.0,0.0,0.0,0.0,0.0,0.0,0.0,0.0,0.0,83.0
579,29.0,20.0,0.0,0.0,0.0,0.0,1.0,0.0,0.0,0.0,0.0,0.0,0.0,1.0,0.0,0.0,1.0,0.0,0.0,0.0,0.0,0.0,0.0,59.0
580,30.0,1.0,5.0,1.0,6.0,1.0,1.0,1.0,7.0,9.0,1.0,17.0,0.0,3.0,1.0,0.0,2.0,4.0,28.0,0.0,0.0,0.0,0.0,153.0
581,30.0,2.0,1.0,1.0,7.0,0.0,1.0,0.0,5.0,8.0,0.0,16.0,0.0,2.0,1.0,1.0,2.0,6.0,26.0,0.0,0.0,0.0,0.0,82.0
582,30.0,3.0,0.0,0.0,1.0,0.0,0.0,0.0,0.0,0.0,0.0,3.0,0.0,0.0,0.0,0.0,0.0,0.0,0.0,0.0,0.0,0.0,0.0,164.0
583,30.0,4.0,0.0,0.0,1.0,0.0,0.0,0.0,0.0,1.0,0.0,0.0,0.0,0.0,0.0,0.0,0.0,0.0,0.0,0.0,0.0,2.0,0.0,98.0
584,30.0,5.0,0.0,0.0,0.0,0.0,0.0,3.0,0.0,1.0,0.0,0.0,1.0,0.0,0.0,0.0,0.0,0.0,0.0,0.0,0.0,0.0,0.0,72.0
585,30.0,6.0,0.0,0.0,1.0,0.0,0.0,0.0,0.0,2.0,0.0,1.0,0.0,0.0,0.0,0.0,1.0,0.0,0.0,0.0,0.0,0.0,0.0,104.0
586,30.0,7.0,0.0,0.0,0.0,0.0,0.0,0.0,0.0,0.0,0.0,0.0,0.0,0.0,0.0,0.0,3.0,0.0,0.0,0.0,0.0,0.0,8.0,110.0
587,30.0,8.0,0.0,0.0,0.0,0.0,0.0,0.0,1.0,2.0,1.0,0.0,0.0,0.0,0.0,0.0,0.0,2.0,8.0,0.0,0.0,0.0,0.0,81.0
588,30.0,9.0,1.0,1.0,0.0,0.0,1.0,1.0,1.0,2.0,3.0,0.0,0.0,0.0,0.0,0.0,33.0,0.0,0.0,2.0,0.0,0.0,1.0,123.0
589,30.0,10.0,0.0,0.0,0.0,0.0,0.0,1.0,0.0,1.0,0.0,0.0,0.0,0.0,0.0,0.0,5.0,0.0,0.0,1.0,0.0,0.0,1.0,104.0
590,30.0,11.0,0.0,0.0,3.0,0.0,0.0,0.0,1.0,0.0,0.0,8.0,0.0,1.0,0.0,0.0,2.0,0.0,7.0,0.0,1.0,0.0,0.0,80.0
591,30.0,12.0,0.0,0.0,1.0,0.0,0.0,0.0,3.0,0.0,0.0,2.0,0.0,0.0,1.0,0.0,0.0,3.0,24.0,0.0,0.0,0.0,0.0,48.0
592,30.0,13.0,0.0,0.0,0.0,0.0,0.0,0.0,0.0,0.0,1.0,0.0,0.0,0.0,0.0,0.0,1.0,0.0,0.0,0.0,0.0,0.0,0.0,264.0
593,30.0,14.0,0.0,0.0,6.0,0.0,3.0,0.0,2.0,7.0,0.0,21.0,0.0,0.0,1.0,0.0,0.0,1.0,17.0,0.0,0.0,0.0,0.0,29.0
594,30.0,15.0,0.0,2.0,12.0,4.0,0.0,3.0,5.0,2.0,0.0,19.0,0.0,2.0,1.0,0.0,3.0,4.0,6.0,0.0,0.0,0.0,0.0,1.0
595,30.0,16.0,3.0,0.0,3.0,0.0,0.0,3.0,10.0,0.0,0.0,1.0,0.0,0.0,2.0,0.0,0.0,6.0,66.0,0.0,0.0,0.0,0.0,2.0
596,30.0,17.0,0.0,3.0,11.0,0.0,0.0,0.0,0.0,0.0,2.0,8.0,0.0,2.0,1.0,1.0,2.0,0.0,0.0,1.0,0.0,1.0,0.0,84.0
597,30.0,18.0,0.0,0.0,3.0,0.0,1.0,0.0,2.0,3.0,0.0,7.0,0.0,1.0,0.0,0.0,2.0,0.0,0.0,0.0,0.0,0.0,0.0,84.0
598,30.0,19.0,0.0,0.0,0.0,0.0,1.0,0.0,0.0,2.0,3.0,0.0,0.0,0.0,0.0,0.0,2.0,0.0,0.0,2.0,0.0,1.0,0.0,98.0
599,30.0,20.0,0.0,0.0,0.0,0.0,0.0,0.0,0.0,1.0,0.0,5.0,0.0,1.0,0.0,0.0,0.0,3.0,2.0,0.0,0.0,0.0,0.0,57.0
600,31.0,1.0,0.0,0.0,6.0,1.0,4.0,1.0,0.0,2.0,3.0,32.0,1.0,5.0,0.0,2.0,1.0,2.0,2.0,0.0,0.0,0.0,0.0,110.0
601,31.0,2.0,0.0,0.0,2.0,1.0,0.0,0.0,0.0,1.0,2.0,12.0,0.0,2.0,1.0,0.0,3.0,0.0,0.0,0.0,0.0,0.0,0.0,142.0
602,31.0,3.0,0.0,0.0,3.0,0.0,0.0,0.0,0.0,2.0,2.0,36.0,0.0,2.0,0.0,0.0,0.0,0.0,2.0,0.0,0.0,0.0,0.0,57.0
603,31.0,4.0,1.0,0.0,0.0,0.0,0.0,0.0,1.0,1.0,1.0,29.0,0.0,1.0,1.0,0.0,0.0,1.0,12.0,0.0,0.0,0.0,0.0,67.0
604,31.0,5.0,1.0,2.0,2.0,1.0,1.0,0.0,0.0,4.0,3.0,15.0,0.0,3.0,0.0,0.0,14.0,1.0,3.0,1.0,0.0,0.0,1.0,125.0
605,31.0,6.0,1.0,4.0,0.0,6.0,1.0,4.0,2.0,5.0,3.0,24.0,0.0,2.0,3.0,0.0,82.0,0.0,1.0,7.0,2.0,1.0,0.0,40.0
606,31.0,7.0,0.0,1.0,0.0,1.0,0.0,0.0,1.0,3.0,2.0,11.0,0.0,2.0,0.0,1.0,5.0,0.0,0.0,1.0,0.0,0.0,1.0,155.0
607,31.0,8.0,2.0,2.0,1.0,0.0,1.0,0.0,4.0,2.0,3.0,22.0,0.0,0.0,0.0,3.0,7.0,5.0,14.0,1.0,2.0,1.0,0.0,96.0
608,31.0,9.0,0.0,1.0,3.0,1.0,4.0,2.0,2.0,10.0,1.0,17.0,0.0,22.0,2.0,1.0,19.0,4.0,6.0,2.0,3.0,0.0,1.0,47.0
609,31.0,10.0,0.0,5.0,1.0,1.0,1.0,1.0,3.0,6.0,8.0,9.0,0.0,3.0,0.0,0.0,58.0,1.0,6.0,3.0,0.0,0.0,1.0,70.0
610,31.0,11.0,2.0,10.0,4.0,3.0,4.0,5.0,1.0,8.0,6.0,18.0,0.0,9.0,2.0,1.0,41.0,1.0,3.0,5.0,1.0,0.0,0.0,49.0
611,31.0,12.0,3.0,0.0,2.0,0.0,0.0,0.0,1.0,8.0,8.0,30.0,0.0,1.0,0.0,1.0,6.0,2.0,61.0,0.0,1.0,0.0,0.0,49.0
612,31.0,13.0,4.0,1.0,7.0,1.0,4.0,3.0,9.0,12.0,2.0,12.0,0.0,12.0,3.0,1.0,1.0,5.0,29.0,2.0,1.0,1.0,0.0,52.0
613,31.0,14.0,4.0,1.0,2.0,4.0,2.0,2.0,5.0,11.0,5.0,18.0,0.0,2.0,0.0,1.0,7.0,5.0,35.0,0.0,0.0,0.0,0.0,23.0
614,31.0,15.0,1.0,1.0,3.0,0.0,0.0,0.0,3.0,7.0,2.0,11.0,0.0,8.0,0.0,0.0,8.0,5.0,43.0,2.0,1.0,0.0,0.0,42.0
615,31.0,16.0,1.0,0.0,3.0,0.0,1.0,1.0,4.0,10.0,8.0,22.0,0.0,7.0,0.0,1.0,17.0,5.0,62.0,4.0,4.0,1.0,0.0,25.0
616,31.0,17.0,2.0,0.0,2.0,0.0,4.0,2.0,3.0,4.0,4.0,32.0,0.0,3.0,0.0,0.0,4.0,0.0,0.0,1.0,1.0,0.0,0.0,41.0
617,31.0,18.0,0.0,1.0,5.0,2.0,2.0,2.0,0.0,6.0,7.0,10.0,0.0,9.0,0.0,1.0,18.0,2.0,3.0,4.0,0.0,1.0,0.0,51.0
618,31.0,19.0,0.0,1.0,2.0,0.0,0.0,0.0,7.0,15.0,7.0,16.0,0.0,12.0,0.0,3.0,5.0,0.0,39.0,0.0,2.0,1.0,1.0,39.0
619,31.0,20.0,2.0,3.0,1.0,0.0,2.0,0.0,3.0,9.0,6.0,22.0,0.0,2.0,3.0,0.0,18.0,8.0,72.0,2.0,1.0,0.0,2.0,7.0
620,32.0,1.0,1.0,1.0,2.0,1.0,2.0,0.0,6.0,4.0,1.0,26.0,0.0,0.0,0.0,0.0,6.0,3.0,35.0,0.0,0.0,1.0,0.0,118.0
621,32.0,2.0,2.0,8.0,2.0,1.0,1.0,2.0,3.0,4.0,5.0,6.0,0.0,1.0,0.0,2.0,49.0,1.0,1.0,5.0,0.0,2.0,1.0,64.0
622,32.0,3.0,3.0,5.0,1.0,2.0,0.0,5.0,3.0,1.0,7.0,9.0,0.0,4.0,3.0,0.0,37.0,0.0,1.0,5.0,0.0,0.0,2.0,31.0
623,32.0,4.0,1.0,2.0,3.0,4.0,0.0,3.0,5.0,6.0,8.0,5.0,1.0,12.0,0.0,0.0,46.0,0.0,3.0,1.0,0.0,1.0,2.0,28.0
624,32.0,5.0,2.0,4.0,1.0,1.0,0.0,2.0,4.0,1.0,5.0,0.0,0.0,1.0,1.0,0.0,62.0,0.0,0.0,7.0,0.0,2.0,0.0,69.0
625,32.0,6.0,0.0,1.0,0.0,0.0,0.0,0.0,1.0,6.0,1.0,3.0,0.0,3.0,1.0,1.0,1.0,0.0,2.0,0.0,0.0,0.0,0.0,134.0
626,32.0,7.0,0.0,3.0,1.0,1.0,1.0,0.0,2.0,3.0,3.0,2.0,0.0,1.0,0.0,1.0,44.0,0.0,0.0,3.0,0.0,1.0,0.0,96.0
627,32.0,8.0,1.0,7.0,0.0,4.0,0.0,0.0,4.0,7.0,1.0,1.0,0.0,3.0,2.0,0.0,98.0,0.0,1.0,2.0,0.0,0.0,1.0,71.0
628,32.0,9.0,1.0,3.0,1.0,0.0,1.0,2.0,3.0,1.0,4.0,0.0,0.0,2.0,2.0,0.0,49.0,0.0,0.0,1.0,0.0,2.0,1.0,127.0
629,32.0,10.0,6.0,9.0,1.0,5.0,1.0,3.0,3.0,3.0,3.0,0.0,0.0,1.0,0.0,1.0,96.0,2.0,0.0,7.0,0.0,1.0,1.0,37.0
630,32.0,11.0,1.0,0.0,2.0,0.0,1.0,0.0,0.0,0.0,0.0,1.0,0.0,0.0,0.0,0.0,4.0,0.0,0.0,1.0,0.0,0.0,0.0,142.0
631,32.0,12.0,0.0,1.0,6.0,0.0,0.0,0.0,5.0,4.0,1.0,16.0,0.0,5.0,0.0,0.0,1.0,0.0,6.0,0.0,0.0,0.0,0.0,101.0
632,32.0,13.0,0.0,0.0,2.0,0.0,1.0,1.0,0.0,2.0,0.0,3.0,0.0,2.0,0.0,0.0,3.0,2.0,3.0,0.0,0.0,0.0,0.0,180.0
633,32.0,14.0,2.0,0.0,0.0,2.0,1.0,0.0,0.0,1.0,3.0,6.0,0.0,3.0,2.0,0.0,44.0,2.0,1.0,3.0,0.0,0.0,0.0,113.0
634,32.0,15.0,0.0,2.0,9.0,0.0,4.0,1.0,0.0,0.0,1.0,5.0,0.0,7.0,1.0,1.0,3.0,0.0,2.0,1.0,0.0,0.0,0.0,91.0
635,32.0,16.0,5.0,3.0,22.0,2.0,9.0,2.0,12.0,6.0,2.0,35.0,1.0,8.0,0.0,2.0,8.0,14.0,31.0,0.0,0.0,0.0,0.0,56.0
636,32.0,17.0,0.0,0.0,4.0,0.0,0.0,0.0,0.0,4.0,0.0,7.0,0.0,3.0,0.0,0.0,0.0,0.0,1.0,0.0,0.0,0.0,1.0,130.0
637,32.0,18.0,0.0,2.0,11.0,2.0,1.0,1.0,3.0,2.0,0.0,16.0,0.0,0.0,2.0,0.0,2.0,0.0,2.0,0.0,0.0,0.0,0.0,145.0
638,32.0,19.0,0.0,1.0,1.0,0.0,1.0,1.0,0.0,1.0,0.0,5.0,0.0,0.0,1.0,0.0,4.0,1.0,2.0,0.0,1.0,1.0,0.0,131.0
639,32.0,20.0,15.0,1.0,20.0,1.0,3.0,2.0,13.0,4.0,1.0,20.0,2.0,1.0,0.0,1.0,0.0,3.0,11.0,0.0,0.0,0.0,0.0,100.0
640,33.0,1.0,0.0,0.0,0.0,0.0,0.0,0.0,0.0,0.0,0.0,5.0,0.0,0.0,0.0,0.0,1.0,0.0,0.0,1.0,0.0,0.0,0.0,6.0
641,33.0,2.0,0.0,0.0,2.0,0.0,1.0,0.0,0.0,1.0,2.0,21.0,0.0,3.0,0.0,0.0,1.0,0.0,0.0,0.0,0.0,0.0,0.0,166.0
642,33.0,3.0,0.0,0.0,11.0,0.0,1.0,0.0,3.0,6.0,0.0,34.0,1.0,5.0,1.0,2.0,1.0,2.0,16.0,1.0,0.0,0.0,0.0,110.0
643,33.0,4.0,1.0,3.0,9.0,0.0,1.0,1.0,3.0,5.0,0.0,12.0,1.0,4.0,0.0,1.0,1.0,1.0,6.0,0.0,1.0,0.0,0.0,138.0
644,33.0,5.0,0.0,0.0,1.0,0.0,1.0,0.0,0.0,0.0,0.0,3.0,0.0,2.0,0.0,1.0,0.0,0.0,0.0,0.0,0.0,0.0,0.0,4.0
645,33.0,6.0,0.0,1.0,11.0,1.0,3.0,2.0,0.0,3.0,2.0,32.0,1.0,8.0,0.0,3.0,1.0,1.0,0.0,0.0,0.0,0.0,0.0,99.0
646,33.0,7.0,0.0,0.0,14.0,0.0,2.0,1.0,4.0,8.0,1.0,43.0,1.0,5.0,0.0,4.0,1.0,3.0,4.0,1.0,0.0,0.0,0.0,78.0
647,33.0,8.0,0.0,2.0,9.0,1.0,0.0,2.0,3.0,8.0,1.0,32.0,1.0,3.0,0.0,1.0,3.0,0.0,12.0,0.0,0.0,1.0,0.0,88.0
648,33.0,9.0,0.0,0.0,13.0,1.0,3.0,1.0,1.0,8.0,0.0,17.0,0.0,0.0,1.0,2.0,2.0,1.0,16.0,0.0,0.0,0.0,0.0,147.0
649,33.0,10.0,0.0,0.0,5.0,1.0,0.0,0.0,1.0,2.0,0.0,12.0,0.0,1.0,2.0,1.0,0.0,0.0,1.0,0.0,1.0,0.0,0.0,134.0
650,33.0,11.0,1.0,2.0,0.0,0.0,0.0,0.0,1.0,2.0,2.0,0.0,0.0,1.0,0.0,1.0,11.0,0.0,1.0,4.0,0.0,0.0,0.0,125.0
651,33.0,12.0,3.0,8.0,5.0,2.0,1.0,3.0,2.0,7.0,4.0,34.0,0.0,11.0,0.0,6.0,48.0,0.0,0.0,1.0,0.0,0.0,0.0,44.0
652,33.0,13.0,0.0,0.0,0.0,0.0,0.0,0.0,0.0,0.0,1.0,1.0,0.0,1.0,0.0,0.0,1.0,0.0,0.0,0.0,0.0,0.0,1.0,236.0
653,33.0,14.0,0.0,2.0,4.0,0.0,0.0,0.0,0.0,6.0,0.0,7.0,0.0,0.0,0.0,2.0,2.0,0.0,9.0,0.0,0.0,0.0,1.0,152.0
654,33.0,15.0,1.0,2.0,5.0,2.0,4.0,0.0,3.0,5.0,0.0,6.0,0.0,0.0,1.0,1.0,3.0,3.0,7.0,0.0,1.0,0.0,0.0,154.0
655,33.0,16.0,1.0,0.0,0.0,0.0,0.0,0.0,2.0,1.0,1.0,0.0,0.0,0.0,0.0,0.0,10.0,0.0,0.0,0.0,0.0,0.0,1.0,99.0
656,33.0,17.0,0.0,0.0,0.0,0.0,0.0,0.0,0.0,1.0,7.0,4.0,0.0,0.0,1.0,2.0,0.0,0.0,0.0,1.0,3.0,1.0,3.0,23.0
657,33.0,18.0,1.0,1.0,1.0,0.0,3.0,1.0,3.0,7.0,20.0,10.0,0.0,1.0,2.0,1.0,3.0,2.0,11.0,1.0,2.0,1.0,2.0,28.0
658,33.0,19.0,1.0,3.0,9.0,1.0,3.0,2.0,2.0,12.0,17.0,11.0,0.0,1.0,3.0,2.0,12.0,7.0,28.0,2.0,3.0,2.0,0.0,35.0
659,33.0,20.0,2.0,1.0,0.0,0.0,0.0,0.0,1.0,3.0,1.0,3.0,0.0,1.0,0.0,1.0,7.0,3.0,11.0,1.0,0.0,0.0,0.0,124.0
660,34.0,1.0,0.0,0.0,2.0,0.0,0.0,0.0,0.0,4.0,0.0,6.0,0.0,0.0,0.0,0.0,0.0,3.0,15.0,0.0,0.0,0.0,0.0,99.0
661,34.0,2.0,0.0,0.0,0.0,0.0,0.0,0.0,0.0,0.0,0.0,0.0,0.0,0.0,0.0,0.0,0.0,0.0,0.0,0.0,0.0,0.0,0.0,16.0
662,34.0,3.0,0.0,2.0,0.0,0.0,2.0,0.0,5.0,2.0,7.0,1.0,0.0,0.0,1.0,2.0,5.0,0.0,3.0,4.0,1.0,1.0,1.0,18.0
663,34.0,4.0,1.0,0.0,1.0,0.0,0.0,1.0,0.0,0.0,1.0,1.0,0.0,1.0,0.0,0.0,0.0,0.0,2.0,0.0,0.0,0.0,0.0,148.0
664,34.0,5.0,0.0,1.0,1.0,0.0,4.0,0.0,3.0,8.0,0.0,10.0,0.0,0.0,1.0,1.0,0.0,2.0,13.0,0.0,0.0,0.0,0.0,158.0
665,34.0,6.0,0.0,0.0,3.0,0.0,0.0,0.0,6.0,0.0,0.0,9.0,0.0,2.0,0.0,0.0,0.0,6.0,10.0,0.0,1.0,0.0,0.0,153.0
666,34.0,7.0,0.0,0.0,1.0,0.0,0.0,0.0,0.0,0.0,0.0,0.0,0.0,0.0,0.0,0.0,0.0,0.0,0.0,0.0,0.0,0.0,0.0,9.0
667,34.0,8.0,1.0,0.0,2.0,1.0,0.0,0.0,0.0,5.0,15.0,7.0,0.0,0.0,0.0,1.0,4.0,1.0,2.0,1.0,3.0,1.0,1.0,56.0
668,34.0,9.0,0.0,0.0,1.0,0.0,0.0,0.0,0.0,0.0,0.0,0.0,0.0,0.0,0.0,0.0,0.0,0.0,0.0,0.0,0.0,0.0,1.0,177.0
669,34.0,10.0,0.0,0.0,0.0,0.0,0.0,0.0,0.0,0.0,0.0,0.0,0.0,0.0,0.0,0.0,2.0,0.0,0.0,2.0,0.0,0.0,0.0,168.0
670,34.0,11.0,0.0,2.0,0.0,1.0,0.0,0.0,0.0,2.0,2.0,0.0,0.0,1.0,0.0,0.0,5.0,0.0,0.0,1.0,0.0,0.0,0.0,107.0
671,34.0,12.0,0.0,0.0,0.0,0.0,1.0,0.0,0.0,1.0,9.0,0.0,0.0,1.0,0.0,0.0,2.0,0.0,0.0,1.0,0.0,1.0,0.0,34.0
672,34.0,13.0,1.0,0.0,7.0,0.0,3.0,0.0,7.0,5.0,1.0,13.0,0.0,2.0,2.0,0.0,2.0,8.0,26.0,0.0,0.0,0.0,0.0,93.0
673,34.0,14.0,1.0,0.0,13.0,0.0,2.0,3.0,3.0,11.0,1.0,17.0,0.0,2.0,1.0,2.0,2.0,2.0,10.0,0.0,0.0,0.0,1.0,140.0
674,34.0,15.0,0.0,1.0,3.0,0.0,1.0,0.0,0.0,0.0,0.0,2.0,0.0,2.0,0.0,0.0,0.0,1.0,0.0,0.0,0.0,0.0,0.0,158.0
675,34.0,16.0,0.0,2.0,6.0,0.0,0.0,1.0,0.0,8.0,0.0,10.0,0.0,3.0,0.0,0.0,4.0,0.0,0.0,1.0,0.0,0.0,0.0,127.0
676,34.0,17.0,0.0,0.0,5.0,0.0,0.0,0.0,3.0,2.0,0.0,4.0,0.0,0.0,2.0,0.0,0.0,0.0,0.0,0.0,0.0,0.0,0.0,161.0
677,34.0,18.0,0.0,0.0,0.0,0.0,1.0,0.0,0.0,0.0,1.0,1.0,0.0,4.0,0.0,0.0,1.0,0.0,0.0,0.0,0.0,0.0,0.0,201.0
678,34.0,19.0,0.0,0.0,0.0,0.0,0.0,0.0,0.0,0.0,2.0,1.0,0.0,3.0,1.0,0.0,8.0,2.0,2.0,0.0,0.0,0.0,1.0,150.0
679,34.0,20.0,0.0,1.0,0.0,2.0,0.0,0.0,0.0,0.0,0.0,5.0,0.0,2.0,0.0,0.0,0.0,0.0,1.0,0.0,1.0,1.0,0.0,145.0
680,35.0,1.0,0.0,0.0,0.0,0.0,0.0,0.0,8.0,5.0,0.0,10.0,0.0,0.0,0.0,0.0,0.0,5.0,32.0,0.0,0.0,0.0,0.0,114.0
681,35.0,2.0,0.0,1.0,0.0,0.0,0.0,1.0,0.0,0.0,0.0,3.0,0.0,6.0,0.0,0.0,1.0,0.0,4.0,0.0,0.0,0.0,1.0,149.0
682,35.0,3.0,1.0,1.0,0.0,0.0,1.0,1.0,0.0,2.0,1.0,2.0,0.0,1.0,1.0,0.0,24.0,0.0,0.0,2.0,1.0,0.0,0.0,116.0
683,35.0,4.0,0.0,2.0,4.0,0.0,0.0,0.0,1.0,7.0,0.0,9.0,0.0,0.0,0.0,0.0,0.0,1.0,8.0,0.0,1.0,0.0,0.0,112.0
684,35.0,5.0,1.0,0.0,4.0,0.0,0.0,1.0,9.0,1.0,0.0,8.0,0.0,0.0,3.0,0.0,4.0,10.0,53.0,0.0,0.0,0.0,0.0,73.0
685,35.0,6.0,0.0,0.0,0.0,0.0,0.0,0.0,0.0,0.0,0.0,0.0,0.0,0.0,0.0,0.0,0.0,0.0,0.0,0.0,1.0,0.0,0.0,187.0
686,35.0,7.0,0.0,2.0,1.0,1.0,0.0,0.0,0.0,3.0,1.0,18.0,0.0,4.0,0.0,3.0,18.0,0.0,0.0,1.0,0.0,0.0,0.0,73.0
687,35.0,8.0,1.0,5.0,2.0,1.0,0.0,3.0,2.0,0.0,4.0,4.0,0.0,0.0,1.0,2.0,56.0,1.0,0.0,2.0,0.0,1.0,1.0,54.0
688,35.0,9.0,0.0,0.0,1.0,0.0,0.0,0.0,1.0,0.0,0.0,2.0,0.0,0.0,2.0,0.0,0.0,1.0,3.0,0.0,0.0,0.0,1.0,175.0
689,35.0,10.0,1.0,0.0,6.0,0.0,1.0,0.0,0.0,7.0,1.0,9.0,0.0,3.0,6.0,0.0,3.0,2.0,10.0,0.0,0.0,0.0,0.0,92.0
690,35.0,11.0,0.0,1.0,18.0,0.0,0.0,1.0,6.0,13.0,0.0,37.0,0.0,5.0,2.0,1.0,4.0,4.0,19.0,1.0,0.0,0.0,0.0,47.0
691,35.0,12.0,0.0,1.0,12.0,0.0,0.0,0.0,2.0,5.0,2.0,26.0,0.0,4.0,1.0,1.0,1.0,4.0,18.0,0.0,0.0,0.0,0.0,60.0
692,35.0,13.0,2.0,0.0,11.0,2.0,3.0,0.0,23.0,6.0,0.0,18.0,0.0,1.0,2.0,1.0,3.0,19.0,103.0,0.0,0.0,0.0,0.0,20.0
693,35.0,14.0,0.0,1.0,7.0,0.0,0.0,0.0,9.0,6.0,0.0,19.0,0.0,5.0,4.0,2.0,2.0,12.0,65.0,0.0,0.0,0.0,0.0,50.0
694,35.0,15.0,0.0,0.0,3.0,0.0,1.0,0.0,3.0,0.0,0.0,5.0,0.0,1.0,1.0,1.0,2.0,0.0,6.0,0.0,1.0,0.0,0.0,178.0
695,35.0,16.0,0.0,0.0,2.0,0.0,0.0,2.0,0.0,4.0,2.0,15.0,0.0,4.0,1.0,1.0,3.0,0.0,0.0,0.0,0.0,0.0,0.0,135.0
696,35.0,17.0,0.0,0.0,0.0,0.0,0.0,0.0,0.0,0.0,0.0,1.0,0.0,0.0,0.0,0.0,0.0,0.0,1.0,0.0,0.0,0.0,0.0,172.0
697,35.0,18.0,1.0,1.0,0.0,0.0,0.0,0.0,1.0,0.0,0.0,8.0,0.0,1.0,0.0,0.0,0.0,3.0,10.0,0.0,0.0,0.0,0.0,131.0
698,35.0,19.0,0.0,0.0,1.0,0.0,0.0,0.0,1.0,5.0,0.0,14.0,0.0,0.0,2.0,0.0,0.0,3.0,10.0,0.0,0.0,0.0,0.0,122.0
699,35.0,20.0,0.0,1.0,0.0,0.0,1.0,0.0,0.0,1.0,0.0,0.0,0.0,0.0,0.0,0.0,0.0,0.0,0.0,0.0,0.0,0.0,0.0,157.0
700,36.0,1.0,3.0,4.0,3.0,1.0,2.0,2.0,7.0,6.0,8.0,24.0,1.0,1.0,1.0,4.0,41.0,1.0,6.0,1.0,1.0,1.0,0.0,29.0
701,36.0,2.0,1.0,9.0,2.0,1.0,2.0,4.0,18.0,7.0,7.0,3.0,0.0,11.0,2.0,3.0,129.0,3.0,1.0,2.0,3.0,0.0,1.0,20.0
702,36.0,3.0,0.0,1.0,4.0,1.0,2.0,2.0,1.0,10.0,8.0,29.0,0.0,8.0,1.0,0.0,37.0,4.0,6.0,2.0,0.0,0.0,0.0,5.0
703,36.0,4.0,1.0,2.0,5.0,0.0,1.0,1.0,5.0,6.0,14.0,20.0,0.0,1.0,1.0,0.0,22.0,5.0,35.0,4.0,0.0,1.0,0.0,8.0
704,36.0,5.0,2.0,0.0,2.0,1.0,2.0,0.0,3.0,6.0,21.0,15.0,0.0,1.0,0.0,0.0,41.0,3.0,18.0,3.0,1.0,1.0,0.0,28.0
705,36.0,6.0,3.0,0.0,0.0,1.0,0.0,0.0,6.0,5.0,22.0,2.0,0.0,2.0,3.0,2.0,85.0,3.0,0.0,2.0,1.0,1.0,0.0,15.0
706,36.0,7.0,5.0,4.0,2.0,0.0,0.0,1.0,12.0,9.0,15.0,19.0,0.0,3.0,1.0,0.0,67.0,6.0,16.0,1.0,0.0,2.0,1.0,5.0
707,36.0,8.0,1.0,1.0,4.0,0.0,2.0,2.0,4.0,15.0,21.0,35.0,2.0,3.0,3.0,3.0,26.0,6.0,25.0,1.0,0.0,0.0,0.0,7.0
708,36.0,9.0,2.0,1.0,1.0,1.0,0.0,1.0,5.0,3.0,10.0,5.0,0.0,10.0,1.0,3.0,35.0,7.0,20.0,1.0,2.0,0.0,0.0,37.0
709,36.0,10.0,3.0,4.0,5.0,1.0,4.0,3.0,8.0,18.0,25.0,25.0,0.0,2.0,1.0,2.0,46.0,8.0,33.0,2.0,0.0,1.0,2.0,9.0
710,36.0,11.0,4.0,0.0,2.0,2.0,1.0,1.0,4.0,31.0,14.0,45.0,0.0,3.0,1.0,3.0,17.0,0.0,18.0,1.0,1.0,1.0,0.0,4.0
711,36.0,12.0,3.0,5.0,4.0,2.0,0.0,3.0,7.0,6.0,9.0,18.0,1.0,3.0,1.0,1.0,85.0,2.0,6.0,5.0,1.0,0.0,3.0,19.0
712,36.0,13.0,0.0,3.0,2.0,0.0,0.0,2.0,8.0,8.0,10.0,9.0,0.0,4.0,0.0,1.0,19.0,8.0,49.0,2.0,0.0,0.0,1.0,3.0
713,36.0,14.0,2.0,1.0,2.0,3.0,0.0,2.0,10.0,13.0,6.0,14.0,0.0,2.0,1.0,0.0,7.0,13.0,92.0,0.0,0.0,0.0,0.0,7.0
714,36.0,15.0,10.0,3.0,3.0,3.0,0.0,2.0,11.0,2.0,9.0,9.0,0.0,0.0,0.0,1.0,12.0,7.0,34.0,1.0,0.0,1.0,0.0,3.0
715,36.0,16.0,0.0,2.0,5.0,1.0,0.0,3.0,7.0,8.0,4.0,25.0,0.0,3.0,2.0,1.0,46.0,0.0,3.0,3.0,0.0,0.0,0.0,9.0
716,36.0,17.0,1.0,0.0,1.0,2.0,1.0,2.0,6.0,5.0,9.0,12.0,0.0,0.0,0.0,0.0,25.0,9.0,73.0,2.0,0.0,2.0,0.0,4.0
717,36.0,18.0,2.0,0.0,3.0,0.0,2.0,3.0,3.0,15.0,5.0,17.0,0.0,0.0,2.0,0.0,18.0,4.0,67.0,2.0,0.0,0.0,1.0,7.0
718,36.0,19.0,4.0,5.0,2.0,1.0,0.0,6.0,9.0,13.0,12.0,9.0,0.0,0.0,2.0,0.0,35.0,4.0,24.0,4.0,1.0,0.0,0.0,8.0
719,36.0,20.0,1.0,4.0,1.0,2.0,0.0,2.0,3.0,7.0,23.0,12.0,0.0,1.0,0.0,0.0,46.0,1.0,6.0,4.0,1.0,0.0,1.0,7.0
720,37.0,1.0,2.0,4.0,1.0,5.0,2.0,1.0,1.0,5.0,4.0,17.0,0.0,5.0,2.0,0.0,46.0,4.0,0.0,4.0,1.0,2.0,0.0,30.0
721,37.0,2.0,2.0,3.0,5.0,0.0,3.0,2.0,7.0,6.0,11.0,23.0,0.0,6.0,1.0,0.0,21.0,4.0,17.0,5.0,2.0,1.0,0.0,17.0
722,37.0,3.0,0.0,0.0,3.0,0.0,2.0,0.0,2.0,6.0,13.0,9.0,0.0,7.0,0.0,0.0,11.0,2.0,27.0,0.0,0.0,1.0,0.0,9.0
723,37.0,4.0,0.0,1.0,0.0,0.0,0.0,0.0,2.0,1.0,6.0,7.0,0.0,0.0,1.0,0.0,8.0,1.0,5.0,2.0,0.0,0.0,0.0,7.0
724,37.0,5.0,3.0,5.0,7.0,2.0,2.0,4.0,1.0,8.0,3.0,5.0,0.0,1.0,1.0,0.0,81.0,0.0,0.0,3.0,0.0,2.0,1.0,60.0
725,37.0,6.0,0.0,3.0,15.0,0.0,3.0,0.0,1.0,11.0,1.0,29.0,0.0,5.0,0.0,1.0,6.0,1.0,3.0,1.0,0.0,0.0,1.0,96.0
726,37.0,7.0,0.0,1.0,8.0,0.0,2.0,0.0,1.0,4.0,4.0,20.0,0.0,8.0,1.0,0.0,2.0,0.0,0.0,1.0,0.0,0.0,0.0,78.0
727,37.0,8.0,0.0,4.0,3.0,0.0,2.0,2.0,1.0,1.0,9.0,9.0,0.0,4.0,1.0,0.0,4.0,0.0,2.0,1.0,0.0,1.0,0.0,75.0
728,37.0,9.0,2.0,4.0,1.0,1.0,0.0,2.0,2.0,3.0,0.0,2.0,1.0,1.0,2.0,0.0,39.0,0.0,0.0,5.0,0.0,0.0,0.0,102.0
729,37.0,10.0,3.0,7.0,1.0,0.0,0.0,2.0,3.0,2.0,3.0,2.0,0.0,2.0,0.0,2.0,73.0,1.0,0.0,7.0,0.0,0.0,0.0,105.0
730,37.0,11.0,1.0,0.0,2.0,1.0,1.0,0.0,0.0,2.0,0.0,8.0,0.0,3.0,0.0,1.0,2.0,0.0,3.0,0.0,0.0,1.0,0.0,168.0
731,37.0,12.0,0.0,0.0,3.0,0.0,2.0,1.0,1.0,4.0,2.0,10.0,0.0,0.0,1.0,0.0,1.0,0.0,0.0,0.0,0.0,1.0,0.0,83.0
732,37.0,13.0,0.0,0.0,15.0,0.0,0.0,1.0,2.0,3.0,1.0,21.0,0.0,2.0,1.0,0.0,1.0,1.0,4.0,0.0,0.0,0.0,0.0,148.0
733,37.0,14.0,5.0,4.0,5.0,0.0,3.0,4.0,5.0,6.0,3.0,54.0,1.0,8.0,1.0,1.0,5.0,3.0,3.0,0.0,0.0,2.0,1.0,80.0
734,37.0,15.0,0.0,1.0,0.0,1.0,0.0,2.0,1.0,7.0,2.0,28.0,0.0,2.0,0.0,0.0,4.0,0.0,0.0,0.0,0.0,0.0,0.0,125.0
735,37.0,16.0,1.0,0.0,4.0,1.0,0.0,1.0,1.0,1.0,1.0,21.0,0.0,0.0,1.0,0.0,2.0,2.0,10.0,1.0,0.0,1.0,0.0,88.0
736,37.0,17.0,7.0,2.0,17.0,4.0,1.0,10.0,7.0,6.0,2.0,28.0,3.0,4.0,2.0,0.0,0.0,4.0,12.0,0.0,0.0,0.0,0.0,83.0
737,37.0,18.0,0.0,0.0,6.0,0.0,0.0,1.0,0.0,0.0,0.0,33.0,0.0,3.0,0.0,1.0,2.0,4.0,18.0,0.0,0.0,0.0,0.0,91.0
738,37.0,19.0,0.0,0.0,4.0,0.0,0.0,0.0,0.0,3.0,5.0,22.0,0.0,3.0,0.0,0.0,2.0,3.0,33.0,2.0,0.0,0.0,0.0,74.0
739,37.0,20.0,0.0,2.0,3.0,0.0,0.0,2.0,0.0,8.0,4.0,16.0,0.0,2.0,0.0,1.0,5.0,3.0,5.0,0.0,0.0,1.0,2.0,40.0
740,38.0,1.0,1.0,1.0,3.0,0.0,1.0,0.0,2.0,3.0,0.0,10.0,0.0,4.0,0.0,0.0,0.0,1.0,3.0,0.0,0.0,1.0,0.0,149.0
741,38.0,2.0,23.0,4.0,29.0,4.0,5.0,12.0,22.0,7.0,5.0,57.0,3.0,3.0,1.0,1.0,3.0,16.0,39.0,0.0,0.0,0.0,0.0,30.0
742,38.0,3.0,0.0,1.0,5.0,1.0,2.0,0.0,5.0,2.0,1.0,45.0,0.0,0.0,1.0,0.0,2.0,4.0,38.0,0.0,0.0,0.0,1.0,57.0
743,38.0,4.0,1.0,0.0,1.0,1.0,2.0,0.0,1.0,0.0,2.0,9.0,1.0,3.0,0.0,0.0,2.0,3.0,21.0,1.0,0.0,0.0,0.0,59.0
744,38.0,5.0,1.0,8.0,3.0,1.0,0.0,1.0,2.0,2.0,2.0,8.0,0.0,3.0,0.0,0.0,18.0,0.0,0.0,2.0,1.0,1.0,1.0,119.0
745,38.0,6.0,3.0,1.0,14.0,1.0,3.0,1.0,3.0,6.0,1.0,46.0,0.0,5.0,0.0,0.0,7.0,5.0,10.0,0.0,0.0,0.0,0.0,106.0
746,38.0,7.0,12.0,8.0,31.0,5.0,1.0,4.0,15.0,10.0,5.0,47.0,0.0,1.0,1.0,2.0,4.0,4.0,25.0,2.0,0.0,1.0,0.0,51.0
747,38.0,8.0,11.0,8.0,9.0,6.0,2.0,8.0,17.0,11.0,5.0,31.0,0.0,2.0,4.0,4.0,14.0,5.0,41.0,1.0,0.0,1.0,1.0,13.0
748,38.0,9.0,3.0,9.0,2.0,2.0,1.0,2.0,3.0,4.0,3.0,9.0,0.0,4.0,0.0,1.0,123.0,0.0,0.0,2.0,0.0,0.0,1.0,22.0
749,38.0,10.0,4.0,4.0,2.0,3.0,0.0,5.0,3.0,5.0,1.0,0.0,0.0,0.0,1.0,0.0,111.0,0.0,0.0,4.0,0.0,1.0,3.0,21.0
750,38.0,11.0,1.0,3.0,1.0,1.0,0.0,0.0,1.0,6.0,1.0,0.0,0.0,0.0,0.0,0.0,31.0,1.0,1.0,1.0,0.0,1.0,0.0,54.0
751,38.0,12.0,1.0,0.0,3.0,0.0,1.0,0.0,0.0,2.0,1.0,7.0,0.0,1.0,0.0,0.0,1.0,0.0,1.0,0.0,0.0,0.0,1.0,77.0
752,38.0,13.0,2.0,1.0,1.0,2.0,0.0,2.0,3.0,2.0,6.0,1.0,0.0,0.0,1.0,0.0,70.0,1.0,0.0,7.0,0.0,1.0,1.0,22.0
753,38.0,14.0,4.0,6.0,0.0,2.0,0.0,4.0,2.0,4.0,6.0,0.0,0.0,0.0,3.0,0.0,138.0,0.0,1.0,7.0,0.0,3.0,1.0,27.0
754,38.0,15.0,8.0,4.0,1.0,2.0,0.0,7.0,4.0,5.0,6.0,0.0,0.0,0.0,2.0,0.0,109.0,0.0,0.0,6.0,0.0,0.0,2.0,25.0
755,38.0,16.0,4.0,5.0,0.0,2.0,1.0,3.0,1.0,2.0,2.0,0.0,0.0,1.0,2.0,1.0,59.0,2.0,0.0,7.0,0.0,0.0,0.0,17.0
756,38.0,17.0,0.0,2.0,0.0,0.0,0.0,0.0,1.0,4.0,0.0,0.0,0.0,0.0,0.0,0.0,1.0,0.0,0.0,0.0,0.0,0.0,0.0,133.0
757,38.0,18.0,0.0,3.0,0.0,0.0,1.0,1.0,1.0,2.0,2.0,0.0,0.0,0.0,0.0,0.0,25.0,0.0,0.0,1.0,0.0,0.0,0.0,26.0
758,38.0,19.0,4.0,5.0,0.0,0.0,0.0,6.0,4.0,2.0,5.0,0.0,0.0,1.0,2.0,1.0,88.0,0.0,0.0,5.0,0.0,0.0,2.0,17.0
759,38.0,20.0,2.0,3.0,1.0,1.0,1.0,1.0,3.0,1.0,0.0,1.0,0.0,0.0,0.0,0.0,49.0,0.0,0.0,8.0,0.0,0.0,3.0,7.0
760,39.0,1.0,3.0,1.0,8.0,1.0,4.0,2.0,3.0,8.0,4.0,7.0,0.0,1.0,3.0,1.0,2.0,0.0,5.0,2.0,1.0,1.0,1.0,109.0
761,39.0,2.0,0.0,4.0,3.0,0.0,2.0,1.0,7.0,3.0,2.0,2.0,0.0,4.0,0.0,0.0,2.0,3.0,5.0,2.0,0.0,0.0,0.0,144.0
762,39.0,3.0,5.0,5.0,1.0,0.0,0.0,1.0,3.0,2.0,2.0,0.0,0.0,0.0,0.0,1.0,32.0,2.0,0.0,3.0,1.0,0.0,0.0,31.0
763,39.0,4.0,3.0,6.0,1.0,1.0,0.0,5.0,1.0,6.0,0.0,0.0,0.0,0.0,4.0,0.0,49.0,0.0,0.0,9.0,1.0,1.0,2.0,13.0
764,39.0,5.0,0.0,0.0,2.0,0.0,3.0,0.0,0.0,0.0,0.0,1.0,0.0,3.0,1.0,0.0,2.0,0.0,0.0,0.0,1.0,1.0,1.0,191.0
765,39.0,6.0,2.0,3.0,5.0,2.0,1.0,3.0,0.0,9.0,0.0,15.0,0.0,1.0,3.0,2.0,7.0,2.0,6.0,1.0,1.0,1.0,0.0,167.0
766,39.0,7.0,2.0,4.0,1.0,0.0,0.0,3.0,0.0,3.0,3.0,3.0,1.0,0.0,1.0,2.0,6.0,1.0,2.0,0.0,0.0,0.0,1.0,129.0
767,39.0,8.0,0.0,2.0,0.0,0.0,2.0,0.0,0.0,3.0,1.0,4.0,0.0,1.0,0.0,4.0,10.0,0.0,0.0,0.0,0.0,1.0,0.0,142.0
768,39.0,9.0,0.0,1.0,7.0,0.0,0.0,2.0,3.0,13.0,8.0,17.0,2.0,6.0,2.0,4.0,1.0,0.0,9.0,1.0,2.0,1.0,0.0,109.0
769,39.0,10.0,0.0,0.0,2.0,0.0,0.0,1.0,0.0,1.0,0.0,2.0,0.0,1.0,0.0,0.0,0.0,0.0,0.0,1.0,1.0,1.0,0.0,191.0
770,39.0,11.0,2.0,8.0,5.0,0.0,3.0,4.0,3.0,9.0,2.0,10.0,0.0,0.0,1.0,0.0,8.0,0.0,1.0,0.0,0.0,1.0,1.0,114.0
771,39.0,12.0,0.0,2.0,1.0,0.0,1.0,1.0,1.0,4.0,2.0,13.0,0.0,2.0,0.0,1.0,4.0,0.0,0.0,1.0,1.0,0.0,0.0,116.0
772,39.0,13.0,0.0,0.0,3.0,0.0,1.0,0.0,0.0,16.0,1.0,28.0,0.0,2.0,0.0,1.0,4.0,0.0,1.0,1.0,0.0,1.0,1.0,66.0
773,39.0,14.0,0.0,0.0,2.0,0.0,1.0,0.0,0.0,2.0,0.0,5.0,0.0,0.0,0.0,0.0,0.0,0.0,0.0,1.0,0.0,1.0,1.0,122.0
774,39.0,15.0,0.0,4.0,0.0,0.0,0.0,0.0,0.0,2.0,1.0,0.0,0.0,1.0,0.0,0.0,11.0,0.0,0.0,2.0,0.0,0.0,0.0,144.0
775,39.0,16.0,0.0,2.0,1.0,0.0,0.0,0.0,1.0,1.0,0.0,6.0,0.0,0.0,2.0,1.0,2.0,0.0,2.0,1.0,0.0,0.0,0.0,126.0
776,39.0,17.0,0.0,1.0,7.0,0.0,6.0,1.0,2.0,9.0,1.0,18.0,0.0,6.0,3.0,1.0,8.0,1.0,0.0,0.0,0.0,0.0,3.0,137.0
777,39.0,18.0,0.0,0.0,0.0,0.0,1.0,1.0,1.0,2.0,2.0,0.0,0.0,2.0,0.0,1.0,7.0,0.0,0.0,2.0,0.0,0.0,1.0,137.0
778,39.0,19.0,0.0,1.0,1.0,0.0,0.0,2.0,0.0,3.0,1.0,0.0,0.0,0.0,1.0,0.0,7.0,0.0,0.0,3.0,0.0,0.0,0.0,37.0
779,39.0,20.0,0.0,0.0,2.0,0.0,1.0,0.0,2.0,0.0,2.0,2.0,1.0,1.0,1.0,0.0,2.0,0.0,0.0,1.0,0.0,0.0,0.0,142.0
780,40.0,1.0,0.0,4.0,3.0,1.0,0.0,0.0,0.0,3.0,0.0,8.0,0.0,0.0,1.0,0.0,2.0,0.0,0.0,0.0,0.0,0.0,0.0,160.0
781,40.0,2.0,0.0,0.0,0.0,0.0,0.0,1.0,0.0,0.0,1.0,0.0,0.0,0.0,0.0,0.0,2.0,0.0,0.0,0.0,0.0,0.0,1.0,164.0
782,40.0,3.0,2.0,0.0,0.0,2.0,0.0,2.0,2.0,1.0,3.0,0.0,0.0,1.0,0.0,0.0,23.0,0.0,0.0,3.0,0.0,1.0,1.0,112.0
783,40.0,4.0,0.0,1.0,0.0,0.0,2.0,0.0,0.0,2.0,2.0,0.0,0.0,0.0,0.0,0.0,12.0,0.0,0.0,1.0,0.0,1.0,3.0,16.0
784,40.0,5.0,1.0,4.0,0.0,1.0,0.0,0.0,0.0,2.0,4.0,0.0,0.0,1.0,0.0,1.0,28.0,0.0,0.0,6.0,0.0,1.0,0.0,118.0
785,40.0,6.0,2.0,3.0,2.0,2.0,1.0,2.0,0.0,7.0,4.0,0.0,0.0,1.0,0.0,1.0,50.0,0.0,0.0,1.0,0.0,1.0,2.0,139.0
786,40.0,7.0,0.0,0.0,0.0,0.0,2.0,0.0,0.0,0.0,0.0,0.0,0.0,2.0,0.0,0.0,1.0,0.0,0.0,0.0,0.0,0.0,0.0,194.0
787,40.0,8.0,2.0,4.0,0.0,2.0,2.0,0.0,1.0,5.0,3.0,0.0,0.0,1.0,3.0,0.0,16.0,1.0,0.0,4.0,0.0,0.0,1.0,100.0
788,40.0,9.0,0.0,0.0,1.0,0.0,1.0,0.0,0.0,0.0,0.0,2.0,0.0,2.0,0.0,0.0,0.0,1.0,2.0,0.0,0.0,1.0,0.0,156.0
789,40.0,10.0,0.0,0.0,7.0,0.0,1.0,0.0,1.0,2.0,0.0,14.0,0.0,9.0,2.0,0.0,1.0,0.0,0.0,0.0,0.0,0.0,0.0,136.0
790,40.0,11.0,0.0,1.0,10.0,0.0,1.0,0.0,3.0,10.0,0.0,14.0,0.0,2.0,0.0,0.0,0.0,2.0,6.0,0.0,0.0,0.0,0.0,156.0
791,40.0,12.0,0.0,2.0,0.0,0.0,0.0,0.0,1.0,0.0,0.0,0.0,0.0,0.0,0.0,0.0,1.0,0.0,0.0,0.0,0.0,0.0,0.0,181.0
792,40.0,13.0,0.0,2.0,0.0,0.0,0.0,0.0,0.0,3.0,0.0,5.0,0.0,2.0,0.0,2.0,1.0,0.0,0.0,0.0,0.0,0.0,0.0,166.0
793,40.0,14.0,0.0,0.0,1.0,0.0,0.0,0.0,2.0,5.0,0.0,10.0,0.0,2.0,0.0,0.0,2.0,0.0,2.0,1.0,0.0,0.0,2.0,132.0
794,40.0,15.0,0.0,0.0,4.0,0.0,1.0,0.0,1.0,2.0,1.0,11.0,0.0,3.0,0.0,2.0,1.0,0.0,0.0,0.0,0.0,0.0,0.0,148.0
795,40.0,16.0,0.0,0.0,4.0,0.0,0.0,0.0,0.0,1.0,0.0,12.0,0.0,1.0,0.0,0.0,2.0,0.0,0.0,0.0,0.0,0.0,0.0,57.0
796,40.0,17.0,1.0,0.0,3.0,0.0,0.0,0.0,0.0,1.0,0.0,1.0,0.0,1.0,0.0,0.0,0.0,3.0,4.0,0.0,1.0,0.0,0.0,198.0
797,40.0,18.0,0.0,1.0,1.0,0.0,0.0,0.0,0.0,0.0,0.0,4.0,0.0,1.0,0.0,0.0,3.0,0.0,0.0,0.0,2.0,0.0,0.0,155.0
798,40.0,19.0,0.0,1.0,11.0,1.0,0.0,0.0,5.0,8.0,3.0,45.0,0.0,13.0,0.0,0.0,0.0,1.0,8.0,0.0,1.0,0.0,0.0,17.0
799,40.0,20.0,0.0,0.0,2.0,0.0,6.0,1.0,3.0,1.0,0.0,4.0,0.0,2.0,0.0,2.0,0.0,0.0,0.0,0.0,0.0,0.0,0.0,76.0
800,41.0,1.0,26.0,6.0,12.0,6.0,5.0,6.0,18.0,21.0,32.0,24.0,2.0,6.0,6.0,4.0,40.0,7.0,9.0,3.0,3.0,1.0,2.0,14.0
801,41.0,2.0,14.0,4.0,6.0,0.0,0.0,3.0,11.0,14.0,13.0,26.0,2.0,2.0,2.0,5.0,34.0,21.0,64.0,0.0,1.0,1.0,0.0,7.0
802,41.0,3.0,6.0,1.0,6.0,1.0,0.0,1.0,2.0,5.0,1.0,29.0,0.0,0.0,1.0,1.0,5.0,9.0,15.0,1.0,0.0,0.0,2.0,5.0
803,41.0,4.0,0.0,0.0,0.0,0.0,0.0,0.0,0.0,6.0,0.0,6.0,0.0,0.0,0.0,0.0,2.0,0.0,6.0,0.0,0.0,1.0,0.0,3.0
804,41.0,5.0,5.0,6.0,3.0,0.0,2.0,4.0,14.0,15.0,19.0,31.0,2.0,1.0,3.0,1.0,79.0,8.0,21.0,6.0,0.0,1.0,0.0,18.0
805,41.0,6.0,12.0,12.0,0.0,0.0,2.0,5.0,9.0,6.0,7.0,0.0,0.0,5.0,1.0,1.0,194.0,7.0,22.0,3.0,0.0,0.0,0.0,10.0
806,41.0,7.0,3.0,7.0,2.0,0.0,5.0,4.0,12.0,21.0,13.0,11.0,0.0,3.0,1.0,2.0,101.0,18.0,33.0,5.0,1.0,1.0,0.0,17.0
807,41.0,8.0,3.0,4.0,0.0,1.0,1.0,1.0,18.0,11.0,15.0,4.0,1.0,2.0,3.0,3.0,57.0,12.0,50.0,3.0,1.0,0.0,0.0,6.0
808,41.0,9.0,3.0,9.0,4.0,1.0,1.0,4.0,5.0,17.0,14.0,19.0,1.0,5.0,4.0,5.0,100.0,6.0,15.0,5.0,0.0,0.0,1.0,14.0
809,41.0,10.0,4.0,6.0,3.0,2.0,1.0,3.0,5.0,6.0,10.0,12.0,1.0,0.0,4.0,2.0,185.0,2.0,4.0,2.0,0.0,1.0,2.0,16.0
810,41.0,11.0,3.0,8.0,5.0,0.0,0.0,7.0,6.0,9.0,18.0,12.0,0.0,0.0,4.0,0.0,136.0,7.0,11.0,8.0,0.0,2.0,0.0,26.0
811,41.0,12.0,4.0,7.0,1.0,3.0,3.0,6.0,10.0,8.0,11.0,11.0,0.0,3.0,2.0,1.0,116.0,7.0,15.0,2.0,0.0,2.0,1.0,14.0
812,41.0,13.0,4.0,8.0,4.0,0.0,0.0,4.0,5.0,16.0,23.0,31.0,0.0,1.0,0.0,2.0,98.0,4.0,10.0,1.0,1.0,0.0,1.0,20.0
813,41.0,14.0,9.0,5.0,4.0,2.0,3.0,3.0,11.0,13.0,14.0,23.0,0.0,1.0,2.0,5.0,98.0,2.0,14.0,6.0,0.0,3.0,1.0,21.0
814,41.0,15.0,1.0,4.0,6.0,1.0,5.0,5.0,5.0,8.0,16.0,21.0,1.0,3.0,2.0,6.0,96.0,4.0,9.0,4.0,0.0,1.0,3.0,14.0
815,41.0,16.0,1.0,12.0,5.0,1.0,0.0,4.0,3.0,15.0,16.0,27.0,1.0,2.0,4.0,3.0,72.0,2.0,7.0,4.0,2.0,0.0,2.0,12.0
816,41.0,17.0,4.0,1.0,5.0,0.0,3.0,4.0,4.0,32.0,18.0,50.0,0.0,5.0,2.0,0.0,48.0,2.0,37.0,3.0,1.0,1.0,1.0,10.0
817,41.0,18.0,5.0,2.0,5.0,2.0,1.0,3.0,11.0,19.0,26.0,24.0,0.0,3.0,2.0,6.0,47.0,8.0,38.0,2.0,0.0,0.0,2.0,7.0
818,41.0,19.0,8.0,2.0,3.0,0.0,2.0,1.0,4.0,10.0,16.0,22.0,1.0,2.0,3.0,2.0,83.0,6.0,43.0,3.0,0.0,1.0,2.0,11.0
819,41.0,20.0,5.0,3.0,3.0,1.0,1.0,2.0,5.0,14.0,17.0,41.0,0.0,1.0,1.0,3.0,43.0,4.0,9.0,4.0,1.0,2.0,2.0,14.0
820,42.0,1.0,4.0,5.0,4.0,1.0,3.0,5.0,5.0,15.0,10.0,27.0,0.0,1.0,3.0,1.0,38.0,5.0,8.0,3.0,1.0,2.0,0.0,11.0
821,42.0,2.0,5.0,4.0,2.0,1.0,1.0,5.0,9.0,7.0,12.0,22.0,0.0,3.0,1.0,1.0,49.0,4.0,34.0,0.0,3.0,0.0,0.0,16.0
822,42.0,3.0,9.0,2.0,1.0,2.0,1.0,5.0,7.0,11.0,17.0,12.0,1.0,2.0,0.0,1.0,84.0,5.0,41.0,4.0,1.0,0.0,1.0,19.0
823,42.0,4.0,6.0,6.0,4.0,0.0,2.0,4.0,11.0,11.0,16.0,23.0,0.0,2.0,0.0,2.0,51.0,1.0,25.0,3.0,1.0,1.0,1.0,13.0
824,42.0,5.0,0.0,4.0,9.0,0.0,3.0,1.0,4.0,14.0,10.0,18.0,1.0,3.0,2.0,0.0,13.0,0.0,0.0,0.0,0.0,0.0,1.0,57.0
825,42.0,6.0,4.0,2.0,4.0,0.0,2.0,2.0,4.0,12.0,18.0,18.0,0.0,0.0,2.0,6.0,38.0,3.0,13.0,2.0,0.0,1.0,1.0,21.0
826,42.0,7.0,5.0,3.0,4.0,2.0,1.0,2.0,6.0,14.0,19.0,26.0,0.0,1.0,1.0,2.0,48.0,4.0,28.0,2.0,1.0,0.0,0.0,15.0
827,42.0,8.0,6.0,2.0,12.0,3.0,1.0,6.0,8.0,19.0,55.0,24.0,1.0,2.0,2.0,0.0,31.0,5.0,29.0,4.0,0.0,2.0,3.0,15.0
828,42.0,9.0,1.0,3.0,7.0,3.0,2.0,7.0,4.0,9.0,2.0,19.0,1.0,4.0,0.0,2.0,10.0,2.0,13.0,1.0,0.0,1.0,0.0,70.0
829,42.0,10.0,2.0,2.0,6.0,1.0,0.0,4.0,2.0,13.0,5.0,28.0,0.0,2.0,1.0,3.0,11.0,0.0,8.0,2.0,1.0,0.0,0.0,71.0
830,42.0,11.0,0.0,2.0,3.0,1.0,5.0,0.0,1.0,10.0,7.0,19.0,2.0,3.0,1.0,0.0,9.0,3.0,22.0,1.0,1.0,0.0,0.0,19.0
831,42.0,12.0,4.0,3.0,7.0,1.0,3.0,4.0,0.0,17.0,9.0,32.0,2.0,0.0,2.0,7.0,44.0,3.0,16.0,4.0,2.0,0.0,2.0,5.0
832,42.0,13.0,1.0,1.0,4.0,0.0,0.0,2.0,0.0,3.0,1.0,26.0,0.0,0.0,0.0,0.0,4.0,0.0,0.0,1.0,0.0,0.0,0.0,117.0
833,42.0,14.0,2.0,1.0,6.0,0.0,1.0,2.0,0.0,0.0,0.0,16.0,0.0,1.0,0.0,1.0,3.0,0.0,0.0,0.0,0.0,0.0,0.0,146.0
834,42.0,15.0,0.0,0.0,2.0,2.0,3.0,3.0,0.0,3.0,3.0,16.0,1.0,0.0,0.0,0.0,3.0,0.0,4.0,1.0,1.0,0.0,0.0,160.0
835,42.0,16.0,3.0,0.0,5.0,0.0,0.0,4.0,6.0,25.0,7.0,18.0,0.0,3.0,2.0,2.0,12.0,0.0,21.0,3.0,1.0,0.0,1.0,3.0
836,42.0,17.0,0.0,0.0,3.0,1.0,1.0,0.0,0.0,9.0,3.0,24.0,0.0,1.0,1.0,0.0,3.0,0.0,0.0,0.0,0.0,0.0,0.0,120.0
837,42.0,18.0,0.0,3.0,1.0,1.0,1.0,2.0,1.0,3.0,9.0,17.0,2.0,7.0,0.0,2.0,0.0,1.0,2.0,0.0,0.0,0.0,0.0,120.0
838,42.0,19.0,3.0,1.0,3.0,1.0,3.0,3.0,0.0,5.0,4.0,12.0,1.0,1.0,0.0,0.0,3.0,0.0,6.0,0.0,0.0,1.0,0.0,159.0
839,42.0,20.0,3.0,0.0,3.0,2.0,8.0,8.0,4.0,12.0,11.0,11.0,1.0,2.0,1.0,1.0,7.0,2.0,20.0,1.0,3.0,0.0,0.0,52.0
840,43.0,1.0,2.0,1.0,9.0,2.0,2.0,2.0,2.0,13.0,9.0,34.0,1.0,3.0,2.0,1.0,7.0,2.0,9.0,0.0,0.0,0.0,0.0,46.0
841,43.0,2.0,1.0,2.0,2.0,0.0,4.0,1.0,1.0,8.0,5.0,16.0,1.0,6.0,0.0,1.0,6.0,0.0,0.0,1.0,1.0,1.0,0.0,101.0
842,43.0,3.0,0.0,1.0,5.0,0.0,7.0,3.0,5.0,9.0,11.0,26.0,4.0,6.0,0.0,3.0,14.0,4.0,12.0,2.0,4.0,2.0,0.0,20.0
843,43.0,4.0,2.0,0.0,3.0,1.0,2.0,2.0,5.0,16.0,13.0,11.0,2.0,5.0,1.0,1.0,7.0,2.0,24.0,1.0,1.0,0.0,0.0,3.0
844,43.0,5.0,2.0,8.0,18.0,2.0,4.0,3.0,6.0,10.0,3.0,53.0,1.0,0.0,3.0,3.0,13.0,7.0,25.0,4.0,2.0,0.0,0.0,11.0
845,43.0,6.0,0.0,3.0,4.0,0.0,1.0,1.0,3.0,6.0,4.0,35.0,0.0,1.0,1.0,2.0,5.0,4.0,13.0,1.0,0.0,1.0,0.0,64.0
846,43.0,7.0,1.0,2.0,4.0,0.0,1.0,5.0,1.0,13.0,6.0,28.0,3.0,6.0,1.0,2.0,6.0,2.0,9.0,2.0,1.0,2.0,1.0,69.0
847,43.0,8.0,4.0,4.0,7.0,1.0,4.0,1.0,2.0,7.0,11.0,20.0,4.0,6.0,1.0,1.0,10.0,8.0,13.0,4.0,0.0,0.0,1.0,9.0
848,43.0,9.0,1.0,2.0,4.0,0.0,1.0,0.0,0.0,2.0,2.0,22.0,0.0,0.0,2.0,0.0,2.0,0.0,2.0,0.0,0.0,0.0,0.0,88.0
849,43.0,10.0,2.0,1.0,8.0,0.0,1.0,3.0,2.0,6.0,1.0,72.0,0.0,0.0,2.0,0.0,6.0,1.0,12.0,1.0,0.0,1.0,1.0,48.0
850,43.0,11.0,1.0,1.0,5.0,0.0,0.0,0.0,4.0,6.0,2.0,30.0,0.0,0.0,0.0,1.0,9.0,6.0,15.0,0.0,1.0,0.0,2.0,62.0
851,43.0,12.0,0.0,4.0,4.0,1.0,4.0,2.0,1.0,4.0,10.0,15.0,1.0,2.0,1.0,1.0,7.0,0.0,8.0,3.0,0.0,1.0,0.0,105.0
852,43.0,13.0,3.0,4.0,0.0,0.0,1.0,3.0,2.0,5.0,4.0,2.0,0.0,2.0,1.0,0.0,53.0,0.0,0.0,4.0,0.0,1.0,0.0,61.0
853,43.0,14.0,1.0,3.0,8.0,2.0,3.0,3.0,4.0,5.0,3.0,37.0,0.0,0.0,0.0,2.0,9.0,0.0,8.0,1.0,0.0,1.0,0.0,38.0
854,43.0,15.0,0.0,1.0,10.0,0.0,1.0,1.0,3.0,3.0,0.0,55.0,1.0,3.0,1.0,0.0,12.0,1.0,25.0,0.0,0.0,1.0,0.0,54.0
855,43.0,16.0,1.0,0.0,9.0,1.0,3.0,0.0,4.0,7.0,2.0,24.0,0.0,0.0,1.0,2.0,13.0,1.0,3.0,2.0,1.0,1.0,1.0,64.0
856,43.0,17.0,2.0,8.0,2.0,1.0,0.0,1.0,2.0,5.0,4.0,2.0,0.0,0.0,2.0,0.0,60.0,0.0,0.0,9.0,0.0,1.0,1.0,21.0
857,43.0,18.0,0.0,5.0,4.0,2.0,1.0,2.0,3.0,9.0,4.0,22.0,0.0,2.0,2.0,3.0,16.0,0.0,0.0,4.0,2.0,1.0,0.0,50.0
858,43.0,19.0,0.0,2.0,5.0,1.0,1.0,2.0,0.0,4.0,3.0,14.0,0.0,1.0,0.0,1.0,38.0,0.0,0.0,3.0,0.0,0.0,0.0,93.0
859,43.0,20.0,0.0,2.0,7.0,1.0,1.0,3.0,4.0,6.0,1.0,25.0,0.0,1.0,2.0,1.0,7.0,3.0,10.0,1.0,0.0,0.0,0.0,37.0
860,44.0,1.0,7.0,6.0,0.0,2.0,0.0,10.0,3.0,7.0,6.0,2.0,0.0,0.0,2.0,0.0,96.0,0.0,1.0,11.0,1.0,2.0,3.0,19.0
861,44.0,2.0,4.0,7.0,0.0,2.0,4.0,4.0,5.0,6.0,6.0,6.0,0.0,0.0,1.0,1.0,64.0,2.0,1.0,6.0,0.0,2.0,1.0,21.0
862,44.0,3.0,6.0,2.0,3.0,1.0,1.0,3.0,1.0,3.0,1.0,8.0,0.0,2.0,1.0,0.0,39.0,1.0,0.0,4.0,1.0,2.0,1.0,17.0
863,44.0,4.0,0.0,3.0,0.0,1.0,1.0,0.0,1.0,6.0,2.0,6.0,0.0,2.0,0.0,0.0,8.0,0.0,0.0,0.0,0.0,0.0,0.0,84.0
864,44.0,5.0,5.0,6.0,0.0,2.0,0.0,5.0,2.0,5.0,4.0,0.0,0.0,0.0,4.0,0.0,61.0,1.0,0.0,8.0,0.0,1.0,2.0,42.0
865,44.0,6.0,10.0,7.0,0.0,6.0,0.0,4.0,1.0,5.0,9.0,0.0,0.0,0.0,0.0,1.0,113.0,0.0,0.0,13.0,0.0,2.0,1.0,31.0
866,44.0,7.0,6.0,9.0,1.0,3.0,1.0,9.0,4.0,8.0,7.0,4.0,0.0,1.0,2.0,1.0,89.0,1.0,0.0,6.0,1.0,0.0,4.0,28.0
867,44.0,8.0,2.0,6.0,7.0,0.0,1.0,1.0,2.0,5.0,4.0,17.0,0.0,0.0,0.0,1.0,13.0,0.0,0.0,2.0,2.0,1.0,1.0,64.0
868,44.0,9.0,0.0,2.0,0.0,0.0,1.0,1.0,1.0,4.0,1.0,0.0,0.0,0.0,0.0,0.0,8.0,2.0,1.0,2.0,0.0,0.0,2.0,74.0
869,44.0,10.0,9.0,3.0,0.0,2.0,1.0,7.0,3.0,2.0,6.0,0.0,0.0,0.0,3.0,1.0,64.0,0.0,0.0,14.0,1.0,1.0,1.0,19.0
870,44.0,11.0,6.0,3.0,0.0,3.0,0.0,10.0,3.0,10.0,5.0,1.0,0.0,0.0,1.0,0.0,97.0,1.0,1.0,20.0,0.0,1.0,3.0,22.0
871,44.0,12.0,5.0,14.0,0.0,8.0,1.0,7.0,2.0,12.0,2.0,0.0,0.0,0.0,4.0,0.0,86.0,1.0,0.0,10.0,0.0,1.0,1.0,27.0
872,44.0,13.0,0.0,1.0,2.0,0.0,0.0,0.0,0.0,6.0,1.0,3.0,0.0,0.0,2.0,0.0,9.0,0.0,2.0,1.0,0.0,0.0,1.0,125.0
873,44.0,14.0,1.0,0.0,0.0,1.0,0.0,0.0,0.0,0.0,0.0,0.0,0.0,0.0,0.0,0.0,3.0,0.0,0.0,1.0,0.0,2.0,1.0,108.0
874,44.0,15.0,7.0,3.0,0.0,9.0,0.0,7.0,3.0,7.0,3.0,6.0,1.0,0.0,2.0,0.0,68.0,0.0,1.0,9.0,0.0,0.0,0.0,34.0
875,44.0,16.0,5.0,5.0,0.0,1.0,0.0,8.0,1.0,0.0,3.0,0.0,0.0,0.0,1.0,0.0,42.0,1.0,2.0,10.0,0.0,0.0,2.0,9.0
876,44.0,17.0,0.0,1.0,0.0,1.0,0.0,0.0,0.0,5.0,1.0,9.0,0.0,2.0,0.0,1.0,8.0,2.0,6.0,2.0,0.0,1.0,0.0,139.0
877,44.0,18.0,2.0,1.0,1.0,1.0,0.0,1.0,1.0,4.0,1.0,1.0,0.0,0.0,2.0,1.0,6.0,1.0,6.0,0.0,0.0,0.0,2.0,141.0
878,44.0,19.0,0.0,0.0,0.0,0.0,1.0,0.0,0.0,1.0,1.0,0.0,0.0,1.0,0.0,0.0,0.0,0.0,0.0,0.0,0.0,0.0,0.0,137.0
879,44.0,20.0,2.0,2.0,0.0,0.0,0.0,3.0,0.0,2.0,1.0,2.0,0.0,0.0,0.0,0.0,20.0,0.0,0.0,2.0,0.0,3.0,3.0,60.0
880,45.0,1.0,2.0,1.0,2.0,0.0,1.0,1.0,1.0,3.0,9.0,7.0,0.0,1.0,0.0,0.0,4.0,0.0,3.0,2.0,0.0,3.0,3.0,74.0
881,45.0,2.0,3.0,7.0,4.0,0.0,0.0,0.0,5.0,10.0,1.0,11.0,0.0,0.0,2.0,0.0,7.0,5.0,43.0,1.0,1.0,0.0,1.0,80.0
882,45.0,3.0,0.0,0.0,1.0,0.0,3.0,0.0,0.0,2.0,1.0,4.0,1.0,0.0,0.0,1.0,3.0,0.0,4.0,2.0,0.0,0.0,0.0,165.0
883,45.0,4.0,1.0,5.0,0.0,2.0,1.0,5.0,3.0,1.0,0.0,0.0,0.0,1.0,2.0,0.0,20.0,1.0,0.0,7.0,1.0,0.0,1.0,68.0
884,45.0,5.0,0.0,2.0,0.0,0.0,0.0,1.0,0.0,1.0,6.0,0.0,0.0,0.0,2.0,0.0,5.0,0.0,0.0,1.0,0.0,1.0,0.0,46.0
885,45.0,6.0,0.0,0.0,0.0,0.0,0.0,1.0,2.0,0.0,15.0,1.0,0.0,1.0,3.0,0.0,2.0,2.0,9.0,3.0,1.0,2.0,0.0,17.0
886,45.0,7.0,0.0,1.0,3.0,2.0,0.0,3.0,9.0,7.0,10.0,10.0,0.0,1.0,1.0,0.0,5.0,3.0,37.0,0.0,0.0,2.0,0.0,46.0
887,45.0,8.0,0.0,0.0,0.0,0.0,0.0,0.0,1.0,4.0,1.0,7.0,0.0,0.0,0.0,0.0,1.0,0.0,3.0,0.0,0.0,0.0,0.0,140.0
888,45.0,9.0,0.0,0.0,0.0,0.0,0.0,0.0,0.0,0.0,0.0,0.0,0.0,0.0,0.0,0.0,1.0,0.0,0.0,0.0,0.0,0.0,0.0,199.0
889,45.0,10.0,0.0,1.0,0.0,0.0,0.0,1.0,0.0,0.0,0.0,0.0,0.0,0.0,0.0,0.0,2.0,0.0,0.0,3.0,1.0,1.0,1.0,90.0
890,45.0,11.0,0.0,0.0,1.0,0.0,0.0,0.0,0.0,0.0,1.0,2.0,0.0,0.0,0.0,0.0,2.0,0.0,0.0,0.0,2.0,0.0,0.0,4.0
891,45.0,12.0,1.0,0.0,1.0,0.0,0.0,0.0,2.0,1.0,4.0,6.0,0.0,1.0,2.0,2.0,3.0,0.0,4.0,0.0,0.0,0.0,4.0,56.0
892,45.0,13.0,0.0,0.0,0.0,0.0,0.0,0.0,0.0,0.0,0.0,1.0,0.0,1.0,0.0,0.0,0.0,0.0,0.0,0.0,0.0,0.0,0.0,163.0
893,45.0,14.0,0.0,0.0,0.0,0.0,0.0,0.0,0.0,0.0,0.0,0.0,0.0,0.0,0.0,0.0,0.0,0.0,0.0,0.0,0.0,0.0,0.0,187.0
894,45.0,15.0,0.0,0.0,0.0,1.0,0.0,0.0,0.0,0.0,1.0,0.0,0.0,0.0,0.0,0.0,3.0,0.0,0.0,0.0,1.0,1.0,0.0,130.0
895,45.0,16.0,0.0,0.0,0.0,0.0,0.0,0.0,0.0,0.0,0.0,0.0,0.0,0.0,0.0,0.0,1.0,0.0,0.0,0.0,0.0,0.0,0.0,37.0
896,45.0,17.0,0.0,0.0,1.0,0.0,0.0,1.0,0.0,0.0,0.0,1.0,0.0,0.0,0.0,0.0,0.0,0.0,0.0,0.0,1.0,0.0,0.0,219.0
897,45.0,18.0,0.0,1.0,0.0,0.0,1.0,0.0,0.0,0.0,1.0,2.0,0.0,0.0,0.0,0.0,3.0,0.0,0.0,0.0,0.0,0.0,0.0,180.0
898,45.0,19.0,0.0,0.0,0.0,0.0,1.0,0.0,0.0,0.0,0.0,0.0,0.0,0.0,0.0,0.0,0.0,0.0,0.0,1.0,0.0,0.0,0.0,197.0
899,45.0,20.0,0.0,0.0,0.0,0.0,2.0,1.0,1.0,4.0,0.0,0.0,0.0,0.0,0.0,0.0,5.0,0.0,0.0,2.0,0.0,0.0,1.0,98.0
